description,group_old,group,link,type,username,userPic,media,caption,rand,verified
,,srp,https://news.sky.com/video/pro-palestinian-group-damages-military-aircraft-after-breaking-in-to-raf-brize-norton-13386090,video,skynews,skynews.jpg,sky_raf.mp4,"Pro-Palestinian group damages military aircraft after 'breaking in' to RAF Brize Norton
In a video shared online, a person can be seen approaching an aircraft on a scooter. Red paint can be seen on the ground.",0.862602317,TRUE
,,srp,https://www.bbc.co.uk/news/articles/c1rrzp1qwp1o,carousel,bbc,bbc.jpg,bbc_sts02.webp;bbc_sts03.webp;bbc_sts04.webp,"Barclays branches across UK targeted by protesters

Barclays bank branches in England and Scotland have been covered in red paint and had windows smashed as part of protests by a pro-Palestine group.

Up to 20 buildings have been targeted, according to the group Palestine Action.

It said the protests were carried out to ""demand the bank divests from Israel's weapons trade and fossil fuels"".

A spokesperson for Barclays said: ""While we support the right to protest, we ask that campaigners do so in a way which respects our customers, colleagues and property.‚Äù

In Bristol, the windows of a city centre branch of Barclays Bank were smashed and red graffiti sprayed over the building.

Meanwhile, in Edinburgh, rocks inscribed with the names of Palestinians killed in the conflict were thrown at a Barclays building, the protesters said.

City of London police said three men, aged between 34 and 45, had been arrested in connection with criminal damage at the Barclays on Moorgate on Monday morning.

It is one of several branches in the capital to have been targeted.

Among them were ones in St John‚Äôs Wood, north London, Croydon, Richmond, south-west London, and Peckham and Croydon in south London.

Meanwhile, branches in Stockport and Bury, both in Greater Manchester, and Preston, Lancashire, have been adorned in red paint and damaged.

The protesters also struck in Glasgow, Brighton, Exeter, Sheffield, Northampton, Birmingham and Solihull, Palestine Action said.

Shut the System, a recently launched underground climate movement, partnered with Palestine Action's underground division to launch the attacks, both activist groups confirmed.

According to the groups, targeted actions will continue until Barclays stops investing in certain companies.

A spokesperson for Barclays said the bank ""provides vital financial services to US, UK and European public companies that supply defence products to NATO and its allies"".

""The defence sector is fundamental to our national security and the UK government has been clear that supporting defence companies is compatible with ESG considerations,"" the spokesperson added.

""Decisions on the implementation of arms embargos to other nations are the job of respective elected governments.‚Äù

During its 7 October attacks in southern Israel, Hamas killed about 1,200 people and took some 251 people hostage.

Some 116 remain in the Palestinian territory, including 41 the army says are dead.

On Saturday, the Hamas-run health ministry said the death toll in Gaza stood at 37,084 people.",0.30100742,TRUE
,,lrc,https://www.dailymail.co.uk/news/article-6921195/Environmental-protesters-threaten-shut-London-blocking-traffic.html,carousel,dailymail,dailymail.jpg,dailymail_xr02.jpg;dailymail_xr03.jpg,"Thousands of eco-activists start to descend on London to 'shut down' the capital and cause misery for millions of commuters

Environmental protesters will converge at five locations in London today to cause disruption, block roads and 'shut down the city'.

Activists, known as earth marchers, have been making their way in to central London for weeks for the 'International Rebellion'. 

And many were encouraged to illegally camp in Hyde Park overnight so they can 'come together, form relationships, consolidate plans, and gear up for the days ahead,' according to campaign group Extinction Rebellion. ",0.221284447,TRUE
,,lrc,https://www.dailymail.co.uk/news/article-6923023/Thousands-eco-warriors-pour-London-bring-city-standstill.html,carousel,dailymail,dailymail.jpg,dailymail_xrbig01.jpg;dailymail_xrbig02.jpg;dailymail_xrbig03.jpg;dailymail_xrbig04.jpg;dailymail_xrbig05.jpg;dailymail_xrbig06.jpg;dailymail_xrbig07.jpg;dailymail_xrbig08.jpg;dailymail_xrbig09.jpg;dailymail_xrbig10.jpg;dailymail_xrbig11.jpg;dailymail_xrbig12.jpg;dailymail_xrbig13.jpg;dailymail_xrbig14.mp4;dailymail_xrbig15.mp4;dailymail_xrbig16.mp4,"Londoners brace for second day of climate protest chaos: Extinction Rebellion eco-warriors camp out before unleashing more threatened ‚Äòdirect action‚Äô on weary commuters after 52 of their group were arrested on Monday

London is braced for another day of climate change protests today from demonstrators, including some who sent the night in tents in the city's parks, after a day of disruption yesterday from protesters who targeted busy thoroughfares.

Close to fifty people were arrested as police attempted to move on protesters who spent yesterday blocking roads and demonstrating outside tube stations, following five arrests outside Shell's headquarters where they glued themselves to windows and smashed glass doors.


Some activists glued themselves to the windows and smashed glass revolving doors at Shell's headquarters near Waterloo, while others spray-painted graffiti and hung banners on the building.

Workers returning home from areas around Waterloo Bridge, Oxford Circus, Marble Arch and Piccadilly Circus faced being unable to get through by road to Underground stations thanks to the Extinction Rebellion protests.

At around 7pm police started arresting protesters still to be found on Waterloo Bridge, after police issued an order under the Public Order Act telling demonstrators to limit their protest to the area around Marble Arch. ",0.045967522,TRUE
,,lrc,https://www.dailymail.co.uk/news/article-6926875/Londoners-rage-second-day-Extinction-Rebellion-action.html,carousel,dailymail,dailymail.jpg,dailymail_xrarre04.mp4;dailymail_xrarre01.jpg;dailymail_xrarre02.mp4;dailymail_xrarre03.mp4,"Eco-warriors vow to bring the Tube to a standstill TODAY: Commuters face rush hour chaos this morning as climate activists now threaten the London Underground - after 290 were arrested in two days

Almost 300 people have been arrested in London in connection with ongoing climate change protests, with organisers now vowing to escalate their disruption to target the London Underground tomorrow.

As the second day of coordinated protests at five London locations drew to a close, groups of police officers continued to lift activists off the ground and manhandle them away from demonstrations at Oxford Circus and Waterloo Bridge having issued Section 14 notices ordering crowds to disperse.

Earlier, organisers Extinction Rebellion called on more protesters to flood onto the bridge help with their stand-off, which police said had shut down 55 bus routes and inconvenienced 500,000 people's journeys. ",0.024903078,TRUE
,,lrc,https://www.dailymail.co.uk/news/article-6936093/How-eco-mob-plotted-chaos-London-vegetarian-caf-Stroud.html,video,dailymail,dailymail.jpg,dailymail_xrarre03.mp4,,0.636521117,TRUE
,,lrc,https://www.dailymail.co.uk/news/article-6946489/Climate-change-protesters-split-continue-demos.html,carousel,dailymail,dailymail.jpg,dailymail_xrnat01.jpg;dailymail_xrnat02.jpg;dailymail_xrnat03.jpg;dailymail_xrnat04.jpg;dailymail_xrnat05.jpg;dailymail_xrnat06.jpg;dailymail_xrnat07.mp4,"Now climate change activists stage a 'DIE IN' at the Natural History Museum as group threatens to escalate protests by targeting government buildings and businesses

Climate protesters have now taken over the main hall of the Natural History Museum in their latest stunt of two weeks of demonstrations.

More than 100 activists lay on the floor of the famous museum this afternoon on a day which was supposed to be a 'pause' from their occupation of bridges and important locations in the capital.

It came as the leader of the Extinction Rebellion movement has said she is favour of escalating the protests this week.",0.239179725,TRUE
,,lrc,https://www.dailymail.co.uk/news/article-6989855/Ten-Extinction-Rebellion-activists-aged-16-20-lock-railings-Parliament.html,carousel,dailymail,dailymail.jpg,dailymail_xryouth01.jpg;dailymail_xryouth02.jpg;dailymail_xryouth03.jpg;dailymail_xryouth04.jpg;dailymail_xryouth05.mp4,"Group of 10 eco-activists aged 16 to 20 lock themselves to Parliament railings with banner stating 'our futures are chained to your actions'

A group of ten young eco-activists have chained themselves to railings outside Parliament this afternoon with a banner stating 'our futures are chained to your actions.'   

The protestors, aged between 16 and 20, are from the youth wing of Extinction Rebellion. Their action comes after independent candidates in the European elections glued themselves to the doors of City Hall earlier today.   
All of the ten young climate change activists attached themselves to the London railings using bike locks around their necks. Some had megaphones and were calling on the government to take action. ",0.932741558,TRUE
,,,https://www.fwi.co.uk/farm-life/farmers-and-pink-tractor-to-join-london-climate-change-rally,carousel,farmersweekly,farmersweekly.jpg,farmers_01.jpeg;farmers_02.jpg;farmers_03.jpeg,"Farmers and pink tractor to join London climate change rally
Environmental activists and farmers may seem unusual allies, but a group is preparing to bring a bright pink tractor to a London demonstration demanding urgent action on climate change.

Inspired by the Extinction Rebellion pink boat, which blocked Oxford Circus in central London for five days during April, a team of farmers has painted a John Deere tractor an eye-catching colour to share positive farming messages with the public.

On 7 October the group, called Extinction Rebellion Farmers, will drive their biodiesel-powered John Deere 3350 into Westminster as part of a two-week worldwide rally in 60 major cities including Paris, New York and Delhi.",0.656992775,FALSE
,,srp,https://www.gbnews.com/news/london-palestine-activists-red-paint-protest-met-police-israel-gaza,carousel,gbnews,gbnews.jpg,gbnews_palpaint01.mp4;gbnews_palpaint02.webp,"Palestine activists hurl red paint over London building and climb onto entrance roof - police on scene

A group of pro-Palestine activists have occupied a building in central London after throwing red paint over its entrance and covering it in graffiti.

""Palestine Action"" targeted One Eagle Place, Piccadilly, which is home to the offices of Leonardo UK - a defence and security firm.

The group accused the company of bing ""suppliers of weaponry for Israel's fighter jets"".

It added: ""106 years ago today, Britain signed away the land of Palestine.",0.769974901,TRUE
,,smp,https://www.inminds.com/article.php?id=10621,carousel,inminds,inminds.png,inminds_vigil01.jpg;inminds_vigil02.jpg;inminds_vigil03.jpg;inminds_vigil04.jpg,"London Vigil delivers letter from Gaza mother to PA demanding release of Gaza fuel
On Wednesday 13th November 2013, a dozen human rights activists held a vigil, organised by the campaign group Inminds.com, outside the Palestinian Mission in London to protest against the barbaric siege imposed on the Gaza strip and in particular the Palestinian Authority's role in the current fuel crisis which has left Gaza without electricity for 18 hours a day. They delivered a letter from a Palestinian mother from Gaza to the Palestinian Authority (PA) demanding that the PA release the fuel provided by the EU for Gaza.",0.379284109,FALSE
,,lrc,https://www.instagram.com/p/B_ITmXmnR2N/,carousel,kirk_protest_london,kirk_protest_london.jpg,B_ITmXmnR2N_0.jpg;B_ITmXmnR2N_1.jpg;B_ITmXmnR2N_2.jpg,"April 2019 rebellion üì¢‚úåÔ∏è‚úäüíö
.
#xrlondon #staypositive #staypositive #extinctionrebellionuk #positive #afcwimbledon
#xr #extinctionrebellionlondon #extinction #rebellion #chilling #climatechange #climateaction #orpington #hope # #ourplanet  #youthstrike #youngprotest #youthstrike4climate #climatechange  #gretathunberg #parliament  #savetheworldüåé #savetheplanet #environment  #activate  #ecofriendly",0.305592752,FALSE
,,lrc,https://www.instagram.com/p/B_KIR8JnghK/,carousel,kirk_protest_london,kirk_protest_london.jpg,B_KIR8JnghK_0.jpg;B_KIR8JnghK_1.jpg;B_KIR8JnghK_2.jpg;B_KIR8JnghK_3.jpg,"April 2019 rebellion on Waterloo bridge üì¢‚úåÔ∏è‚úäüíö
.
#xrlondon #staypositive #staypositive #extinctionrebellionuk #positive #afcwimbledon
#xr #extinctionrebellionlondon #extinction #rebellion #chilling #climatechange #climateaction #orpington #hope # #ourplanet  #youthstrike #youngprotest #youthstrike4climate #climatechange  #gretathunberg #parliament  #savetheworldüåé #savetheplanet #environment  #activate  #ecofriendly",0.113975067,FALSE
,,lrc,https://www.instagram.com/p/B0ChgJ5nJg4/,image,xrwsm,xrwsm.jpg,B0ChgJ5nJg4_0.jpg,"Sea levels rising and people are dying. 
#sealevelsrisingsoarewe 
#ActNow 
#bristolcitycouncil 
#ClimateEmergency 
#rebelforlife",0.991616097,FALSE
,,smc,https://www.instagram.com/p/B0YXHUsHXP2/,image,fridaysforfuturelondon,fridaysforfuturelondon.jpg,B0YXHUsHXP2_0.jpg,today! we were also joined by people from @fridaysforfuturegraz ‚ôªÔ∏èüåç #fridaysforfuture #fridaysforfuturelondon #climatejustice,0.117977009,FALSE
,,lrc,https://www.instagram.com/p/B1i7EHBnpS-/,carousel,kirk_protest_london,kirk_protest_london.jpg,B1i7EHBnpS-_0.jpg;B1i7EHBnpS-_1.jpg;B1i7EHBnpS-_2.jpg;B1i7EHBnpS-_3.jpg;B1i7EHBnpS-_4.jpg;B1i7EHBnpS-_5.jpg;B1i7EHBnpS-_6.jpg;B1i7EHBnpS-_7.jpg,"We will stand up again extraction of the rainforest and Brazil 
#thejungle #amazonforest #london #extinctionrebellionyouth #rebellion #londonprotest #protest #extinctionrebellionlondon #ecowarrior #savetheworldüåé #ourvoice #ourplanet #recess #extinctionrebellionkids #southamerica #ourfuture #summeruprising #nextgeneration #ourchildren #greenpeaceuk #greenpeace #Greenparty",0.112195734,FALSE
,,lrc,https://www.instagram.com/p/B3Ua_ZnHl8p/,image,tararaecarey,tararaecarey.jpg,B3Ua_ZnHl8p_0.jpg,"#ExtinctionRebellion and allied movements have peacefully shut down #Westminster and are calling on the #UK government to take meaningful and decisive action on #ClimateEmergency and ecological breakdown.

#RebelForLife #humansofxr #xr #thetimeisnow #nowornever #London",0.21601995,FALSE
,,,https://www.instagram.com/p/B3Uu7IhDWn5/,video,bbchampshire,bbchampshire.jpg,B3Uu7IhDWn5_0.mp4,"Farmers are joining climate change protest group Extinction Rebellion.  They say agriculture has been unfairly criticised and want to highlight the work being done and the fact they are one of the industries worst affected by climate change.  Dagan James, a Buffalo farmer from Broughton in Hampshire, was involved in Extinction Rebellion events in April and he and other farmers came away believing not enough was being done to put the side of farmers across.",0.924835691,TRUE
,,lrc,https://www.instagram.com/p/B8p1N7UncEB/,carousel,kirk_protest_london,kirk_protest_london.jpg,B8p1N7UncEB_0.mp4;B8p1N7UncEB_1.mp4;B8p1N7UncEB_2.mp4;B8p1N7UncEB_3.mp4;B8p1N7UncEB_4.jpg;B8p1N7UncEB_5.jpg;B8p1N7UncEB_6.jpg;B8p1N7UncEB_7.jpg,"climate change got to go üì¢‚úä
.
#extinctionrebellionuk #london#xrlondon #xr #extinctionrebellionyouth #uk #extinctionrebellion #ourfuture #ourplanet #peoplehavethepower #student #youthstrike #youngprotest #youthstrike4climate #climatechange #climatejustice #kids #Greendeal #gretathunberg #parliament #toriesout #rebellion",0.424278543,FALSE
,,lrc,https://www.instagram.com/p/B8rTsainr6R/,carousel,kirk_protest_london,kirk_protest_london.jpg,B8rTsainr6R_0.jpg;B8rTsainr6R_1.jpg;B8rTsainr6R_2.jpg,"14th of February student climate strike. üì¢‚úäüíöüåç
.
.
#extinctionrebellionuk #london#xrlondon #xr #extinctionrebellionyouth #uk #extinctionrebellion #ourfuture #ourplanet #peoplehavethepower #student #youthstrike #youngprotest #youthstrike4climate #climatechange #climatejustice #kids #Greendeal #gretathunberg #parliament #toriesout #rebellion #savetheworldüåé #savetheplanet #environment #protest  #green #ecowarriors #ecofriendly",0.490230019,FALSE
,,smc,https://www.instagram.com/p/BuCVqwoglJf/,image,fff_england,fff_england.jpg,BuCVqwoglJf_0.jpg,"Credit to @shabbirlakha

I love this picture so much, theres so much colour and yet it's still so impactful, thank you again to everyone who attended the marches last Friday - and I hope you're ready to do it all again!

I also hope you guys realise I have enough of these photos that have been submitted to me or shared on the #fridaysforfutureUK tag to last me until the next protest (22/02/18 outside the Department of Education in London, come join us!!!!) so you certainly won't be forgetting it any time soon üòâ

Share your photos with the #fridaysforfutureUK tag or dm me, you guys are what makes this account special, so you're the real stars here üåü",0.060328268,FALSE
,,lrc,https://www.instagram.com/p/Bwcr3IEH42r/,carousel,tolmeia,tolmeia.jpg,Bwcr3IEH42r_0.jpg;Bwcr3IEH42r_1.jpg;Bwcr3IEH42r_2.jpg;Bwcr3IEH42r_3.jpg,"üí™üíó Yeah, today I went back to London to do some more fighting for my future and hold onto @extinctionrebellion's claim on Oxford Circus. The news coverage of it all made me think back to Monday (15th April), during the take-over of Piccadilly, and how the Extinction Rebellion team asked us a question; how does the Rebellion live inside of you? What does it mean?‚Å£‚Å£
‚Å£‚Å£
And I think that question is important to answer, among the controversy, the differing opinions and the disruption. For me, it means using my voice to let my fears and hopes live out. The disruption is minor to what we could face in the not-so-distant future and that's scary. But in all honesty, I still can't truly grasp it. Even when I read the statistics and sit and cheer on a strong and passionate community of like-minded people, I'm still unsure of what it all really means and what my voice is doing.‚Å£‚Å£
‚Å£‚Å£
But that uncertainty is the really terrifying part because there are still so many (powerful, powerful) people who are sitting back and not facing up to it like I'm - we're - at least trying to. ‚Å£‚Å£
‚Å£‚Å£
XR is like a family when you're in the middle of it; a family of the hopefully, far more sustainable and caring future. You made it to 5 days, guys! This will go down in history. üì∑ of me: @ren.not.lauren üíóüí™ ‚Å£‚Å£
‚Å£‚Å£
#extinctionrebellion #oxfordcircus #xryouth #xrprotest #nonviolent #protest #activism #activist #london #internationalrebellion #sustainableactivist #sustainability #environmentalism #climatechange #climatecrisis #globalwarming",0.151359129,FALSE
,,lrc,https://www.instagram.com/p/BwKT6IYnZ2X/,carousel,guardian,guardian.jpg,BwKT6IYnZ2X_0.jpg;BwKT6IYnZ2X_1.jpg;BwKT6IYnZ2X_2.jpg;BwKT6IYnZ2X_3.jpg;BwKT6IYnZ2X_4.jpg;BwKT6IYnZ2X_5.jpg;BwKT6IYnZ2X_6.jpg,"Tens of thousands of young people took part in more climate strikes across the UK today. They follow the global strike on 15 March, when more than 1 million young people around the world demanded rapid action to tackle the climate crisis. Activist @GretaThunberg, who first inspired the movement, is planning to visit the UK on 23 April where she will meet with politicians. Prime Minister Theresa May is being urged to join them.

Photos: John Stillwell + Tom Nicholson + Gareth Fuller + Stefan Rousseau",0.580223566,TRUE
,,lrc,https://www.instagram.com/p/BwZfoq4n_3u/,carousel,alpinesmusic,alpinesmusic.jpg,BwZfoq4n_3u_0.jpg;BwZfoq4n_3u_1.jpg;BwZfoq4n_3u_2.jpg;BwZfoq4n_3u_3.jpg,"Supporting @extinctionrebellion today üåøüåçüåø
.
.
.
#extinctionrebellion #climatebreakdown #shutdown #climatechange #waterloobridge #rebelforlife",0.922816342,FALSE
,,lrc,https://www.instagram.com/p/Bx5IP5gHyCa/,image,kirk_protest_london,kirk_protest_london.jpg,Bx5IP5gHyCa_0.jpg,"More and more young people are taking action against climate change and the government. üå±‚úåÔ∏è‚úä #uk #extinctionrebellion #savetheworldüåé #savetheplanet #environment #protest #hippie  #gogreen #green #ecowarriors #ecofriendly #photographyüì∑
#blackandwhite #parliamentsquare #blackandwhitephoto #parliament #ukgovernment #protestart #extinctionrebellionyouth #extinctionrebellionlondon #extinctionrebellionbristol #extinctionrebellionkids #youngprotesters #ourvoice #extinctionrebellion #rebellion #ourfuture #stopclimatechange",0.518006235,FALSE
,,lrc,https://www.instagram.com/p/ByAfssbnPsP/,image,kirk_protest_london,kirk_protest_london.jpg,ByAfssbnPsP_0.jpg,"Stop climate change üå±‚úä‚úåÔ∏è #climatechange #youngprotesters #everybodywelcome #ukgovernment 
#blackandwhitephoto #blackandwhite
#photographyüì∑#protestart
#savetheworldüåé #savetheplanet #environment #protest #hippie  #gogreen #green #ecowarriors #ecofriendly #ukeu #rebellion #Greenparty #greenpeaceuk
#extinctionrebellionyouth #extinctionrebellionlondon #extinctionrebellionbristol #extinctionrebellionkids #uk #extinctionrebellion #london #parliamentsquare #europe",0.428989739,FALSE
,,smc,https://www.instagram.com/p/ByIWNq9n6Pt/,image,fridaysforfuturelondon,fridaysforfuturelondon.jpg,ByIWNq9n6Pt_0.jpg,"another week, another amazing day. what a great turnout! see you next week and share this post! #climatejustice #fridaysforfuture #fridaysforfuturelondon",0.566213742,FALSE
,,lrc,https://www.instagram.com/p/Bz8jGlhn0Wl/,carousel,extinctionrebellion,extinctionrebellion.jpg,Bz8jGlhn0Wl_0.jpg;Bz8jGlhn0Wl_1.jpg;Bz8jGlhn0Wl_2.jpg;Bz8jGlhn0Wl_3.jpg;Bz8jGlhn0Wl_4.jpg,"Today thousands of concerned citizens took to the streets across five UK cities ‚Äì Bristol @xrbristol, Cardiff @xrcardiff, Glasgow @xrscotland, Leeds @extinctionrleeds and London @xrebellionuk ‚Äì as part of our Summer Uprising. Centre stage, blocking key roads are five boats emblazoned with the words ACT NOW and named after ecological activists, either living or passed, who have risked their lives in defence of the future of our planet took centre stage in the five cities: Bristol ‚Äì Jeanette Kawas; Cardiff ‚Äì Margoth Escobar; Glasgow ‚Äì Amal Gous; Leeds ‚Äì Mia Mascarinas-Green; and in London ‚Äì Polly Higgins.

This emergency mobilisation of ordinary citizens, driven to action by the threat of climate breakdown and ecological collapse, is demanding the government take immediate action to halt biodiversity loss and reduce greenhouse gases to net zero by 2025. 
#actnow #rebelforlife #extinctionrebellion #summeruprising",0.377448259,TRUE
,,lmp,https://www.instagram.com/p/C-z673lMZyd/,carousel,naamoduk,naamoduk.jpg,C-z673lMZyd_0.jpg;C-z673lMZyd_1.jpg;C-z673lMZyd_2.jpg;C-z673lMZyd_3.jpg;C-z673lMZyd_4.jpg;C-z673lMZyd_5.jpg;C-z673lMZyd_6.jpg;C-z673lMZyd_7.jpg;C-z673lMZyd_8.jpg;C-z673lMZyd_9.jpg;C-z673lMZyd_10.jpg;C-z673lMZyd_11.jpg;C-z673lMZyd_12.jpg;C-z673lMZyd_13.jpg;C-z673lMZyd_14.jpg;C-z673lMZyd_15.jpg;C-z673lMZyd_16.jpg;C-z673lMZyd_17.jpg;C-z673lMZyd_18.jpg;C-z673lMZyd_19.jpg,"‚ÄúAn arms embargo is an act of solidarity‚Äù.

On Friday, as @david.lammy visited Israel, we gathered opposite Downing Street in London, calling for an end to the UK‚Äôs arming of Israel‚Äôs genocidal war on Gaza. 

In Manchester, Na‚Äôamodniks held a protest at the headquarters of the Greater Manchester Combined Authority. 

The actions were led jointly by @naamoduk and @free_jlm, who chained themselves to the entrance of the British consulate that same morning in Jerusalem.

üì∏ by @alexsturrock and @ronfassbender . 

ü•Åby Rhythms of Resistance.",0.854638783,FALSE
disruptive - costs,,lrc,https://www.instagram.com/p/C0jRIp1sTKG/,image,bbclondon,bbclondon.jpg,C0jRIp1sTKG_0.jpg,"The Met Police has asked Just Stop Oil to ""reach out and speak to us"" after revealing policing the campaign group's protests has cost almost ¬¨¬£20m.

The force said the time it had spent on the group equated to roughly 300 officers being taken off frontline policing each day.

It added JSO had ""refused to engage"" with police when planning protests.

JSO said it would continue its actions until ""steps are taken to prevent the extraction of new oil and gas"".

Ô£ø√º√¨‚â§ Tap the link in our bio for the full story. 

#london #juststopoil #climatechange #protest #metpolice #policing",0.01433677,TRUE
,,smp,https://www.instagram.com/p/C2CUSB4ovhr/,image,schoolstrikeforpalestine,schoolstrikeforpalestine.jpg,C2CUSB4ovhr_0.jpg,"Solidarity to all the School Strikers out today for the march in London! ‚úä 

The banner will be out + we will be there shouting loudly with all our hearts. Join us if you see it! 

Ceasefire NOW!!! ‚ù§Ô∏èüáµüá∏‚úä

#ceasefirenow #schoolstrikeforpalestine",0.158372097,FALSE
,,lmp,https://www.instagram.com/p/C2DhLbJxo-K/,carousel,ajplus,ajplus.jpg,C2DhLbJxo-K_0.jpg;C2DhLbJxo-K_1.jpg;C2DhLbJxo-K_2.jpg;C2DhLbJxo-K_3.jpg;C2DhLbJxo-K_4.jpg;C2DhLbJxo-K_5.jpg;C2DhLbJxo-K_6.jpg;C2DhLbJxo-K_7.jpg;C2DhLbJxo-K_8.jpg;C2DhLbJxo-K_9.jpg,"‚ÄúLet Gaza live.‚Äù

Thousands of protesters marched in Washington, DC to mark 100 days since Israel began its attacks on Gaza, which have killed over 23,800 people.

A sea of Palestinian flags covered Freedom Plaza, and protesters placed plush toys in front of the White House to represent the almost 10,000 Palestinian children who have been killed in Gaza since Oct. 7.

Many protest signs condemned U.S. President Biden, who is accused of enabling Israel‚Äôs attacks by vetoing a UN resolution for a humanitarian ceasefire, calling for more U.S. aid for Israel and repeatedly bypassing Congress to approve weapons sales to Israel.

Israel is killing an average of 250 Palestinians in Gaza every day, reports Oxfam International ‚Äî a daily death rate higher than any conflict this century.

#News #Protest #Gaza #Israel #DCProtest #MarchForGaza #Palestine #Palestinian #WashingtonDC",0.809176031,TRUE
,,lmc,https://www.instagram.com/p/C4BPqMKt-D3/,carousel,xrebellionuk,xrebellionuk.jpg,C4BPqMKt-D3_0.jpg;C4BPqMKt-D3_1.jpg;C4BPqMKt-D3_2.jpg;C4BPqMKt-D3_3.jpg;C4BPqMKt-D3_4.jpg;C4BPqMKt-D3_5.jpg;C4BPqMKt-D3_6.jpg;C4BPqMKt-D3_7.jpg;C4BPqMKt-D3_8.jpg;C4BPqMKt-D3_9.jpg,"XR UK ROCKED THE INSURANCE INDUSTRY UK-WIDE 

In cities and towns across the UK, #ExtinctionRebellion groups held big insurance companies to account for their part in insuring climate chaos.

If AIG, Tokio Marine, Hiscox, Zurich and others thought it was all over after earlier occupations of their London offices, we made them think again as ‚Äúinsurance mayhem‚Äù spread across the country. And it‚Äôs far from over.

Protests were widespread, in leafy Tunbridge Wells, in Leicester, Chelmsford and Chipping Norton. Hundreds filled the streets of Manchester and Birmingham, with song and theatre in Glasgow and Brighton, to Bridgwater and beyond. 

Together, these XR local groups rocked the insurance world, delivering a clear message: stop enabling fossil fuels, respect human rights and support a just transition.

What‚Äôs not to like? Insurers can sway the course of history because without their help the fossil fuel criminals can‚Äôt dig for coal in Cumbria, drill for oil and gas or build pipelines like EACOP.

XR joined with other groups, including @coalactionuk, @tippingpointuk, @climatejustice_coalition, @britishquakers, @mothersriseup, @stopeacop and @just.stopoil to drive home the point that insuring fossil fuel projects is a risky business, and companies can help save the world if they refuse cover.

THE INSURANCE WORLD HAVE FELT THE POWER OF THE PEOPLE
#HereComesEveryone

‚ö° Join Extinction Rebellion!
ü©∑ Please donate to XR (link in bio)",0.975980329,FALSE
,,lmp,https://www.instagram.com/p/C5YtFfBsNmV/,image,naamoduk,naamoduk.jpg,C5YtFfBsNmV_0.jpg,"""The only way to respond to the injustice and horror of this indiscriminate killing, this forced starvation and ethnic cleansing, is to act.""

Our action outside the Foreign Office on Tuesday in @dailymirror.",0.93001896,FALSE
disruptive - airjets,,src,https://www.instagram.com/p/C8bbLRPsTzd/,image,skynews,skynews.jpg,C8bbLRPsTzd_0.jpg,"Ô£ø√º√µ¬¢ Just Stop Oil protesters have painted several private jets orange at an airfield - where they claim Taylor Swift's jet landed just hours before.‚Äö√Ö‚Ä†
‚Äö√Ö‚Ä†
It's not clear if Swift's jet was one of those that has been targeted by the eco-protesters, who say they are demanding an ""emergency treaty"" to end the use of fossil fuels by 2030.‚Äö√Ö‚Ä†
‚Äö√Ö‚Ä†
Ô£ø√º√Æ√≥ Tap our link in bio to read the full story‚Äö√Ö‚Ä†
‚Äö√Ö‚Ä†
#juststopoil",0.183697765,TRUE
disruptive - stonehenge,,src,https://www.instagram.com/p/C8cQGTqNzkX/,image,spectator1828,spectator1828.jpg,C8cQGTqNzkX_0.jpg,"'This was cultural desecration. It was savagery masquerading as protest. To attack a 5,000-year-old monument, this stone echo of the earliest stirrings of human civilisation, is to show horrific disregard for the history and people of this nation. 

'I don‚Äö√Ñ√¥t want to hear a word about how they used powder paint and it will wash off in the rain, yada yada. The fact is they reduced a millennia-old structure to a soapbox for showy moral preening, and that is unforgivable.' ‚Äö√∫√ß√î‚àè√® Brendan O'Neill

#stonehenge #history #protest #juststopoil #climatechange",0.791208554,FALSE
disruptive - stonehenge,,src,https://www.instagram.com/p/C8Zl_1LK0Uc/,carousel,dazed,dazed.jpg,C8Zl_1LK0Uc_0.jpg;C8Zl_1LK0Uc_1.jpg;C8Zl_1LK0Uc_2.mp4,"Just one day before Summer Solstice celebrations are set to take place at Stonehenge, @just.stopoil have sprayed the 5,000-year-old landmark with orange powder paint.

The climate action group explained that they took the action to call on the UK government to cease all oil, gas, and coal extraction and burning by 2030. 

A spokesperson from the group warned that continuing to burn fossil fuels would lead to the deaths of millions and called for collective action to protect humanity.

The group also confirmed that the ‚Äö√Ñ√≤paint‚Äö√Ñ√¥ used in the action was made of cornflower, which would ‚Äö√Ñ√∫wash away with rain‚Äö√Ñ√π.

Tap the link in bio to read more Ô£ø√º√Æ√≥

‚Äö√∫√ß√î‚àè√® @s_mithereens 
Ô£ø√º√¨œÄ via PolitlcsUK

#JustStopOil #SummerSolstice #ClimateChange #Stonehenge",0.164233927,TRUE
disruptive - stonehenge,,src,https://www.instagram.com/p/C8ZlIdEtatR/,carousel,metro.co.uk,metrocouk.jpg,C8ZlIdEtatR_0.mp4;C8ZlIdEtatR_1.jpg;C8ZlIdEtatR_2.jpg,"Just Stop Oil activists have sprayed Stonehenge orange on the eve of the summer solstice.

Sightseers screamed ‚Äö√Ñ√≤no‚Äö√Ñ√¥ and ran to block the campaigners as they approached the stone circle on Wednesday.

Video footage posted on social media showed two people wearing white shirts with the slogan Just Stop Oil, approaching the monoliths with canisters spraying orange cornstarch.

Visit the Ô£ø√º√Æ√≥ in our bio to see how leaders have responded

#MetroUK #JustStopOil #Protest",0.344437087,TRUE
disruptive - m25,,src,https://www.instagram.com/p/C9mIYNeN5MI/,carousel,metro.co.uk,metrocouk.jpg,C9mIYNeN5MI_0.jpg;C9mIYNeN5MI_1.jpg,"Five Just Stop Oil protesters have been jailed for planning to block the M25 motorway.

The protesters ‚Äö√Ñ√¨ Roger Hallam, 58, Daniel Shaw, 38, Louise Lancaster, 58, Lucia Whittaker De Abreu, 35, and Cressida Gethin, 22 ‚Äö√Ñ√¨ agreed to cause traffic chaos by climbing over the gantries for days on end in November 2022.

The five defendants shouted ‚Äö√Ñ√≤We love you‚Äö√Ñ√¥ when they were given their sentences.

Hallam, one of the co-founders of Just Stop Oil, has been sentenced to five years in jail.

The other four were given four year sentences by Judge Christopher Hehir.

He said: ‚Äö√Ñ√¥The plain fact is that each of you some time ago has crossed the line from concerned campaigner to fanatic.

‚Äö√Ñ√≤You have appointed yourselves as sole arbiters of what should be done about climate change.‚Äö√Ñ√¥

Visit the Ô£ø√º√Æ√≥ in our bio for the full story

#news #uknews #juststopoil #climatechange #protest",0.494709186,TRUE
nondisruptive,,lmc,https://www.instagram.com/p/C9u3EwEMowJ/,carousel,imdmilo,imdmilo.jpg,C9u3EwEMowJ_0.jpg;C9u3EwEMowJ_1.jpg;C9u3EwEMowJ_2.jpg;C9u3EwEMowJ_3.jpg;C9u3EwEMowJ_4.jpg;C9u3EwEMowJ_5.jpg;C9u3EwEMowJ_6.jpg;C9u3EwEMowJ_7.jpg;C9u3EwEMowJ_8.jpg;C9u3EwEMowJ_9.jpg,"Today 22.07.24 Leeds Crown Court.

Court ruling regarding Drax Protest:

Today activists gathered outside Leeds Crown Court to support Axe Drax activist ‚Äö√Ñ√∫Coffee‚Äö√Ñ√π, they were being sentenced after previously been found guilty of a non violent protest action which saw her climb on the roof of a train en-route to Drax power station. 

In the ruling, she was told to pay ¬¨¬£3,000 and given a conditional discharge. She could have been sent to prison for up to two years for the protest that occurred on the 11th of November 2021.

Walking free outside the court, the activist joined the gathered crowd with placards with various messages regarding the controversial use of burning wood by Drax, a Biomass power station in North Yorkshire, that burns wooden ‚Äö√Ñ√∫pellets‚Äö√Ñ√π as an alternative to coal.

Activists previously had stated that Drax burns 6.5 to 7 million of these Pellets each year, equivalent according to their figures 14 million tons of wood. They state this wood is mainly coming from the US or Canda.

With such large wood usage they state there is grave concern about the startling amount of deforestation required to fulfil this demand and questions have been raised about the sustainability of wood Drax uses, including in an official OfGem (Energy Regulator) investigation.

BBC‚Äö√Ñ√¥s Panorama stated Drax ‚Äö√Ñ√∫took timber from rare forests in Canada it had claimed were no-go areas‚Äö√Ñ√π

Drax stated in response to Panorama that its wood pellets are ‚Äö√Ñ√∫sustainable and legally harvested‚Äö√Ñ√π.

#axedrax #courtruling #juststopoil #Extinctionrebellion #climateactivism #directaction #drax

Disclaimer: collaboration posts are simply an effective way to boost engagement for a story to new audiences and should not be seen as an endorsement by the post author for any one specific group or ideology.",0.058077917,FALSE
,,lrc,https://www.instagram.com/p/CBw0nHJnfX4/,carousel,kirk_protest_london,kirk_protest_london.jpg,CBw0nHJnfX4_0.jpg;CBw0nHJnfX4_1.jpg;CBw0nHJnfX4_2.jpg;CBw0nHJnfX4_3.jpg;CBw0nHJnfX4_4.jpg;CBw0nHJnfX4_5.jpg;CBw0nHJnfX4_6.jpg;CBw0nHJnfX4_7.jpg,"The youth climate strike. 
February 14th 2020 before the lockdown.
.
#extinctionrebellionuk #london#xrlondon #xr #extinctionrebellionyouth #uk #extinctionrebellion #ourfuture #ourplanet #peoplehavethepower #student #youthstrike #youngprotest #youthstrike4climate #climatechange #climatejustice #kids #Greendeal #gretathunberg #parliament #toriesout #rebellion #protest #photography",0.106333921,FALSE
,,lrc,https://www.instagram.com/p/CcabpYvt0c0/,image,xrwsm,xrwsm.jpg,CcabpYvt0c0_0.jpg,"An 
@Shell_UKLtd
 tanker has been acquired opposite Hyde Park. 
@EtienneStott
 says 'I'm trying to help everyone on Earth. This machine is a death machine ' 

@shellslies
 
@shell_knows
 
@ExtinctionR
 

#ClimateCrisis 
#ClimateEmergency 
#ExtinctionRebellion",0.421065963,FALSE
,,lmc,https://www.instagram.com/p/CcLHcUNNPzC/,image,extinctionrebellionyork,extinctionrebellionyork.jpg,CcLHcUNNPzC_0.jpg,"üìçLambeth Bridgeüìç
If you‚Äôre in London, join us. We live in a toxic system where civil disobedience is the only way to disrupt a government that consistently puts üí∑ over üë•‚Ä¶ will you be part of the change? üåç‚ú® #actnow #lambethbridge #extinctionrebellion #xr #climate #climatecrisis #rebellion #civildisobedience #protest #bridge #blockade #change #systemchange",0.372430436,FALSE
,,lrc,https://www.instagram.com/p/CcVDnyGNlOH/,carousel,kirk_protest_london,kirk_protest_london.jpg,CcVDnyGNlOH_0.jpg;CcVDnyGNlOH_1.jpg;CcVDnyGNlOH_2.jpg;CcVDnyGNlOH_3.jpg;CcVDnyGNlOH_4.jpg;CcVDnyGNlOH_5.jpg;CcVDnyGNlOH_6.jpg;CcVDnyGNlOH_7.jpg;CcVDnyGNlOH_8.jpg;CcVDnyGNlOH_9.jpg,"Extinction rebellion Love is action March From Hyde Park to Shell headquarters in London. 

End fossil fuel now.

#extinctionrebellion #fightfor1point5 #fridayforfuture #protest #democracynow #killthebill #actnow #fossilfree #nonewroad #gretathunberg #peoplenotprofit #xr #climateemergency
#climatejusticenow #climateaction #photography #systemchange #schoolstrikeforclimate #circulareconomy #climatechange
#climatejustice #extinctionrebellionlondon #activism #activist 

@xr_london 
@xrebellionuk 
@extinctionrebellion",0.062370504,FALSE
,,lrc,https://www.instagram.com/p/Ccw7kgvt-B7/,image,xrsoutheastuk,xrsoutheastuk.jpg,Ccw7kgvt-B7_0.jpg,"Posted @withregram ‚Ä¢ @xrebellionuk FUCK THE FOSSIL ECONOMY ‚Å£
‚Å£
The last month XR UK:‚Å£
‚Å£
Blocked terminals and tankers that transport oil‚Å£
‚Å£
Companies like Total and Navigator refine and transport oil including oil not produced or used in the UK.‚Å£
‚Å£
Fucked companies that profit from oil & gas‚Å£
‚Å£
Companies like Shell and Schlumberger continue to fund exploration and extraction of new oil in a climate emergency.¬†‚Å£
‚Å£
Shut down insurance firms that underwrite extraction.‚Å£
‚Å£
Companies like Lloyd's of London provide security to life risking investments in new oil pipelines and coal mines‚Å£
‚Å£
Fucked banks that fund the destruction‚Å£
‚Å£
Companies like Black Rock and Barclays pump money into mining the amazon and extracting oil in the ocean.‚Å£
‚Å£
Dropped Tower Bridge and Marble Arch‚Å£
‚Å£
The media refuse to report the scale of this crisis, disrupting major roads, and picturesque landscapes highlights the crisis in the news and pressures for Government action‚Å£
‚Å£
‚Å£
Fucked the Government‚Å£
‚Å£
Our Government continue to break their climate commitments and subsidise energy giants like Shell, and promote new fossil fuels in a climate emergency‚Å£
‚Å£
‚Å£
#ExtinctionRebellion #ClimateCrisis #ChangeIsNow¬†‚Å£
‚Å£
The crisis is happening now.¬†‚Å£
‚Å£
Come together in civil resistance to create the change we need.‚Å£
Find out how in our linktree now.¬†‚Å£
‚Å£
#RebelForLife #Protest #Love #Action #London #ClimateJustice",0.536430092,FALSE
,,lmc,https://www.instagram.com/p/Cra0PveomNS/,carousel,euronewsgreen,euronewsgreen.jpg,Cra0PveomNS_0.jpg;Cra0PveomNS_1.jpg;Cra0PveomNS_2.jpg;Cra0PveomNS_3.jpg;Cra0PveomNS_4.jpg;Cra0PveomNS_5.jpg;Cra0PveomNS_6.jpg,"Thousands of protesters joined 'The Big One', a four-day mass demonstration by 200 groups led by climate group Extinction Rebellion (XR) in London, UK. 

On Friday, the first day of the protest, Euronews Green was there to document the event.

#euronewsgreen #climatechange #climateprotest #thebigone #xr #extinctionrebellion",0.009031703,TRUE
,,lmc,https://www.instagram.com/p/CrbVZFTtznP/,image,steve8eason,steve8eason.jpg,CrbVZFTtznP_0.jpg,XR - The Big One. London 24th April 2023,0.231519281,FALSE
,,lrc,https://www.instagram.com/p/CrcLalRoxs9/,carousel,kirk_protest_london,kirk_protest_london.jpg,CrcLalRoxs9_0.jpg;CrcLalRoxs9_1.jpg;CrcLalRoxs9_2.jpg;CrcLalRoxs9_3.jpg;CrcLalRoxs9_4.jpg;CrcLalRoxs9_5.jpg;CrcLalRoxs9_6.jpg;CrcLalRoxs9_7.jpg;CrcLalRoxs9_8.jpg;CrcLalRoxs9_9.jpg,"Monday 24th March from Parliament square to Shell HQ in London.  The Fossil fuel must end now.

#climatejustice #climateaction #cilmatechange #climateemergency #climatejusticenow #uk #protest #nonewfossilfuels #fridayforfuture #democracy #parliamentsquare #peoplenotprofit #extinctionrebellion #extinctionrebellionlondon #juststopoil #climatestrike #fossilfree #photography #londonüá¨üáß #democracynow #killthebill #protestisnotacrime #greennewdeal",0.578959282,FALSE
,,lmc,https://www.instagram.com/p/CrTg_C2MZuu/,carousel,euronewsgreen,euronewsgreen.jpg,CrTg_C2MZuu_0.jpg;CrTg_C2MZuu_1.jpg;CrTg_C2MZuu_2.jpg;CrTg_C2MZuu_3.jpg;CrTg_C2MZuu_4.jpg;CrTg_C2MZuu_5.jpg,"More than 40,000 activists are expected to be heading to London for 'The Big One', a four-day rally organised by climate group Extinction Rebellion (XR).

Supported by similar groups, XR is calling on the UK government to stop all new fossil fuel projects.

The coalition of activists said in a press conference: ""We will be taking more radical action because the clock is ticking for every human and non-human alive today. We are not going to stand quietly by while time runs out and we all face the worst suffering possible.""

Read more on euronews.com.

üì∏
1-5, Reuters
6, AP

‚Äî‚Äî‚Äî‚Äî‚Äî‚Äî‚Äî‚Äî-

#euronewsgreen #climateactivism #climateemergency #climateactionnow #xr",0.010560666,TRUE
,,lmc,https://www.instagram.com/p/CrVJHphNewZ/,carousel,martin_pope_photographer,martin_pope_photographer.jpg,CrVJHphNewZ_0.jpg;CrVJHphNewZ_1.jpg;CrVJHphNewZ_2.jpg;CrVJHphNewZ_3.jpg;CrVJHphNewZ_4.jpg;CrVJHphNewZ_5.jpg;CrVJHphNewZ_6.jpg;CrVJHphNewZ_7.jpg;CrVJHphNewZ_8.jpg;CrVJHphNewZ_9.jpg,"Unite to Survive protest- the Big One, London 21/04/23
#protest #climatechange #xr #london #documentaryphotography #reportage #martinpopephotographer",0.46674486,FALSE
,,lmc,https://www.instagram.com/p/CrYC9zAOyTw/,carousel,greenpeaceliverpoolmerseyside,greenpeaceliverpoolmerseyside.jpg,CrYC9zAOyTw_0.jpg;CrYC9zAOyTw_1.jpg;CrYC9zAOyTw_2.jpg;CrYC9zAOyTw_3.jpg,Some photos from this weekends The Big One in Parliament Square London. Such an incredible turn out. First pic is the die-in to highlight the urgency of ecological collapse! Join us as it continues today and tomorrow! #xr #xrthebigone #thebigone #london #parliament #protest #climateemergency #peoplepower,0.878506476,FALSE
,,lmc,https://www.instagram.com/p/CrZGdXWNnOf/0,carousel,xrebellionuk,xrebellionuk.jpg,CrZGdXWNnOf_0.jpg;CrZGdXWNnOf_1.jpg;CrZGdXWNnOf_2.jpg;CrZGdXWNnOf_3.jpg;CrZGdXWNnOf_4.jpg;CrZGdXWNnOf_5.jpg;CrZGdXWNnOf_6.jpg;CrZGdXWNnOf_7.jpg;CrZGdXWNnOf_8.jpg;CrZGdXWNnOf_9.jpg,"THE BIG ONE - DAY 3

Today, thousands of people from different organisations returned to Westminster in the morning to support the #LondonMarathon, handing out leaflets to spectators and cheering on the runners. We are #RunningOutOfTime to act, but we are making ourselves impossible to ignore.

Throughout the day there were more fantastic speeches and workshops, including: A talk on mental health in the context of the CEE and PCSC Bill at the Planetary Health Hub; a service led by young people at the Faith Hub; a poetry workshop for young people co-led by Writers Rebel at the Global Justice Now tent; a Climate Cafe at the Planetary Health Hub; and exciting speeches and bands on the Main Stage! There was something for everyone to get involved with.

In the afternoon, people took part in the Big DIY Assembly, an exercise in deliberative, participatory democracy and collective decision making.

After the Big DIY Assembly, thousands of people marched to the Home Office with handmade pink paper boats to stand in solidarity with migrants and to protest against the government‚Äôs Illegal Migration Bill. There were some very moving speeches, including one from a young Algerian man who crossed the channel on a small boat, sharing his experiences and his hopes for the future.

We are uniting to survive, and it is beautiful. Tomorrow is the final day of #TheBigOne, so make sure you‚Äôre there.

HAPPENING NOW:

People are decorating the streets of London with posters! Watch this space for photos tomorrow‚Ä¶

#ThisIsTheWork #UniteToSurvive #DecideTogether #ChangeIsNow #CitizensAssemblies",0.362534288,FALSE
,,lrc,https://www.instagram.com/p/CS6lmP0sfgx/,image,xrwsm,xrwsm.jpg,CS6lmP0sfgx_0.jpg,"Junction block at Upper St Martins Lane/Garrick St is in place!

#ImpossibleRebellion 
#ExtinctionRebellion",0.891586313,FALSE
,,lrc,https://www.instagram.com/p/CS6VoA0MKGK/,carousel,xrwsm,xrwsm.jpg,CS6VoA0MKGK_0.jpg;CS6VoA0MKGK_1.jpg,"The #ImpossibleRebellion continues today. Our demand is simple. No more investment in fossil fuels!

Another world is possible. One where the lives of millions are not traded for the financial gain of a few.

#ActNow 
#extinctionrebellion",0.695142943,FALSE
,,lrc,https://www.instagram.com/p/CS6XGJzsUx-/,image,xrwsm,xrwsm.jpg,CS6XGJzsUx-_0.jpg,"#ImpossibleRebellion 
#extinctionrebellion 
#ActNow",0.556696592,FALSE
disruptive - sports,,src,https://www.instagram.com/p/Csy6CakLJEe/,video,reasoneduk,reasoneduk.jpg,Csy6CakLJEe_0.mp4,"Just Stop Oil crashed a rugby game and you can tell from the reaction of the crowd that people weren‚Äö√Ñ√¥t happy.

The morning commute. Darts. Rugby. These ecoloons love attacking every aspect of working class life, don‚Äö√Ñ√¥t they?

#juststopoil #juststopecoloons #justspoiltbrats #ecoloons #ecoloonshatehumanity",0.067182641,FALSE
,,lrc,https://www.instagram.com/p/CTAQXVrMp8l/,carousel,kirk_protest_london,kirk_protest_london.jpg,CTAQXVrMp8l_0.jpg;CTAQXVrMp8l_1.jpg;CTAQXVrMp8l_2.jpg;CTAQXVrMp8l_3.jpg;CTAQXVrMp8l_4.jpg;CTAQXVrMp8l_5.jpg;CTAQXVrMp8l_6.jpg;CTAQXVrMp8l_7.jpg;CTAQXVrMp8l_8.jpg;CTAQXVrMp8l_9.jpg,"Oxford circus London.

400 or 500 of extinction rebellion on the street üì¢ the People United will navigate be defeat. ‚úä‚úä‚úä

#oxfordcircus #climateaction @xr_london 
#climatejustice #climatemergency #extinctionrebellionuk #killthebill #extinctionrebellionlondon #climatestrikeonline #climatecrisis #cop26 #peoplepower #photographer #protest #actnow #fridaysforfuture#fightfor1point5 #firdayforfuture 
#mindthegap #climatestrikeonline  #facetheclimateemergency #climatejustice #climateaction #extinctionorrebellion #actnow  #climateemergency  #thereisnoplanetb  #greenpeace #greenparty  #nomoreemptypromises #nomoreemptysummits #greennewdeal  #peoplehavethepower #oxfordstreet",0.108760878,FALSE
,,lrc,https://www.instagram.com/p/CTBRzkyi38T/,carousel,kirk_protest_london,kirk_protest_london.jpg,CTBRzkyi38T_0.jpg;CTBRzkyi38T_1.jpg;CTBRzkyi38T_2.jpg;CTBRzkyi38T_3.jpg;CTBRzkyi38T_4.jpg;CTBRzkyi38T_5.jpg;CTBRzkyi38T_6.jpg;CTBRzkyi38T_7.jpg,"solidarity for the with the indigenous people in Brazil who are fighting their human right their land and their Amazon rainforest from corrupt Brazil government.

 XR are protest outside Brazil embassy in London in peaceful protest way. 

 #climateaction 
#climatejustice #climatemergency #extinctionrebellionuk #killthebill #extinctionrebellionlondon #climatestrikeonline #climatecrisis #cop26 #peoplepower #photographer #protest #actnow #fridaysforfuture#fightfor1point5 #firdayforfuture #xr #humanright
#mindthegap #climatestrikeonline  #facetheclimateemergency #climatejustice #climateaction #extinctionorrebellion #actnow  #climateemergency  #thereisnoplanetb  #greenpeace #greenparty  #nomoreemptypromises #nomoreemptysummits #greennewdeal  #peoplehavethepower",0.439998929,FALSE
,,lrc,https://www.instagram.com/p/CV5mztIMZy7/,carousel,kirk_protest_london,kirk_protest_london.jpg,CV5mztIMZy7_0.jpg;CV5mztIMZy7_1.jpg;CV5mztIMZy7_2.jpg;CV5mztIMZy7_3.jpg;CV5mztIMZy7_4.jpg;CV5mztIMZy7_5.jpg;CV5mztIMZy7_6.jpg;CV5mztIMZy7_7.jpg;CV5mztIMZy7_8.jpg;CV5mztIMZy7_9.jpg,"From London youth climate strike for #firdayforfuture our message to the world's leaders is üì¢ wake up, Act now, no more enter premises,  take climate emergency & take climate Justice now. ‚úä

#nomoreemptypromises #cop26 #climatejustice #actnow #xr #climatejusticenow #londonüá¨üáß #extinctionorrebellion #extinctionrebellionuk #peoplepower #climatemergency #climatechange #killthebill #youthclimatestrike #protest4protest #youthstrike4climate #mindthegap #fightfor1point5",0.649746386,FALSE
,,src,https://www.instagram.com/p/CVhyl_5sZyp/,carousel,bbcinkent,bbcinkent.jpg,CVhyl_5sZyp_0.jpg;CVhyl_5sZyp_1.jpg;CVhyl_5sZyp_2.jpg,"Insulate Britain protesters blocked major roads connecting to the M25 despite a new court injunction.
Kent Police arrested 32 protesters after they targeted two roads near Dartford, including a slip-road for junction 1a of the M25 and the A206 at Crossways Boulevard.
Some of the activists glued themselves to the road surface, causing traffic to back up.
Insulate Britain said in a statement it was ‚Äúnot concerned with endless injunctions‚Äù.
.
üì∑ PA Media
.
.
.
#insulatebritain #protest #climate #insulate #dartford #kent #kentpolice #m25 #injunction #protesters #activists",0.622615254,FALSE
,,lrc,https://www.instagram.com/p/CVnyBw8tjTa/,carousel,kirk_protest_london,kirk_protest_london.jpg,CVnyBw8tjTa_0.jpg;CVnyBw8tjTa_1.jpg;CVnyBw8tjTa_2.jpg;CVnyBw8tjTa_3.jpg;CVnyBw8tjTa_4.jpg;CVnyBw8tjTa_5.jpg;CVnyBw8tjTa_6.jpg;CVnyBw8tjTa_7.jpg;CVnyBw8tjTa_8.jpg;CVnyBw8tjTa_9.jpg,"Today many young Friday for future  climate activist have been protest outside standard chartered headquarters in London. 

I want to give my massive thank you all who went to London & fight for climate Justice. Including @elijahmckenziejackson
@domipalmer @claraly
@mitzijonelle and most important 
Thank you @gretathunberg coming here. 

We want to tell standard chartered let them know why are we there for. We are here to stop fossil fuels corporation with their lie and doing more harm to our future climate. 

üì¢ What do we want ? #climatejustice ‚úä
üì¢ when do we want it 
#actnow ‚úä

#tellthetruth #fightfor1point5 #climatejustice
 #climateemergency #extinctionorrebellion #firdayforfuture #climatechange #mindthegap #nomoreemptysummits #londonüá¨üáß #protest4protest #protest #cop26 #climatejusticenow #climatechange #climatestrike #climatecrisis #peoplepower #cleanupstandardchartered #uprootthesystem #killthebill #greenparty",0.424858444,FALSE
,,lrc,https://www.instagram.com/p/CxSK9jWorOT/,carousel,kirk_protest_london,kirk_protest_london.jpg,CxSK9jWorOT_0.jpg;CxSK9jWorOT_1.jpg;CxSK9jWorOT_2.jpg;CxSK9jWorOT_3.jpg;CxSK9jWorOT_4.jpg;CxSK9jWorOT_5.jpg;CxSK9jWorOT_6.jpg,"September 16th 2023 @xr_london marching in London demanding UK government cutting ties fossil fuel corporation. üö´üõ¢Ô∏è‚õΩ

#climatejustice #climateaction #cilmatechange #climateemergency #climatejusticenow #uk #protest #nonewfossilfuels #fridayforfuture #democracy #parliamentsquare #peoplenotprofit #extinctionrebellion #extinctionrebellionlondon #juststopoil #climatestrike #fossilfree #photography #londonüá¨üáß #democracynow #killthebill #protestisnotacrime #greennewdeal",0.302915634,FALSE
,,lrc,https://www.instagram.com/p/Cz36XWuKvch/,carousel,kirk_protest_london,kirk_protest_london.jpg,Cz36XWuKvch_0.jpg;Cz36XWuKvch_1.jpg;Cz36XWuKvch_2.jpg;Cz36XWuKvch_3.jpg;Cz36XWuKvch_4.jpg;Cz36XWuKvch_5.jpg;Cz36XWuKvch_6.jpg;Cz36XWuKvch_7.jpg;Cz36XWuKvch_8.jpg;Cz36XWuKvch_9.jpg,"Monday 20th of November 2023.

Just stop oil Marching every day in London. 

They marched on the road for 3 minutes until the police got involved. 

Solidarity to the climate activist ‚úäüì∑

#juststopoil #peoplepower #portraitphotography #protest #protestisnotacrime #defundfossilfuels #nonewoil #killthebill #xrlondon #extinctionrebellion #uk #photography #stopcambo #stoprosebank #fightfor1point5 #londonprotest #streetphotography #streetportrait #climatejustice #climatejusticenow #climatechange #hope #climatechangeawareness #climatestrike #climatecrisis #democracynow #democracy #photojournalist #juststopoil",0.909474896,FALSE
disruptive - van gogh,,src,https://www.instagram.com/p/CzTc7GaNRu5/,video,just.stopoil,juststopoil.jpg,CzTc7GaNRu5_0.mp4,"Ô£ø√º√≠‚Ä¢ SUFFRAGETTE PAINTING SMASHED

Ô£ø√º√≠√Ñ Today, our government revealed plans for MORE oil licences, knowing full when it will kill millions. In response, two supporters of Just Stop Oil smashed the Rokeby Venus ‚Äö√Ñ√Æ previously slashed by suffragette, Mary Richardson in 1914.

‚Äö√®¬± It's time for deeds, not words. Find out why at our next meeting: juststopoil.org/zoom or via the link in our bio @just.stopoil

#JustStopOil #ClimateCrisis #NoNewOil",0.252861258,FALSE
disruptive - prison,,src,https://www.instagram.com/p/CzynMGeMvcR/,image,glamouruk,glamouruk.jpg,CzynMGeMvcR_0.jpg,"#JustStopOil activist #PhoebePlummer has been sentenced to six months in prison for taking part in a protest against new gas and oil.

When asked by the judge if they would keep marching, the 22-year-old responded: ‚Äö√Ñ√∫I will continue exercising my human right to protest, yes‚Äö√Ñ√π.

They added: ‚Äö√Ñ√∫How many people will die before you stop sending people like me to prison? Why won‚Äö√Ñ√¥t you investigate the real criminals?‚Äö√Ñ√π

Head to the link in our bio where we revisit our interview with Phoebe, as well as more young people who are making huge personal sacrifices in the name of climate activism.",0.049137067,TRUE
,,lmp,https://www.instagram.com/p/CzZqlgrMK70/,image,naamoduk,naamoduk.jpg,CzZqlgrMK70_0.jpg,"If you can, join us in the Jewish bloc of the @palestinesolidarityuk march this Saturday in London to demand a ceasefire!

Meet 11:30 @ Simon Bolivar statue, Belgrave Square, SW1X

Art by @becca.human",0.070832286,FALSE
disruptive - van gogh,,src,https://www.instagram.com/p/DAbdoDSO2l0/,image,artnews,artnews.jpg,DAbdoDSO2l0_0.jpg,"Two activists from the protest group Just Stop Oil who splashed tomato soup on Vincent van Gogh‚Äö√Ñ√≤s ""Sunflowers"" (1888) at London‚Äö√Ñ√¥s National Gallery in October 2022, have been sentenced to prison have been sentenced to prison.‚Äö√Ö‚Ä†
‚Äö√Ö‚Ä†
On September 27, Judge Christopher Hehir of Southwark crown court in London sentenced Phoebe Plummer to two years and three months in prison, and Anna to 20 months of jail time.‚Äö√Ö‚Ä†
‚Äö√Ö‚Ä†
Hehir said in his sentencing that the pair ‚Äö√Ñ√∫couldn‚Äö√Ñ√¥t have cared less‚Äö√Ñ√π if the world famous painting had been ruined.‚Äö√Ö‚Ä†
‚Äö√Ö‚Ä†
Check the link in our bio to learn more.‚Äö√Ö‚Ä†
‚Äö√Ö‚Ä†
[ID: Two protestors with ""Just Stop Oil"" t-shirts pose on the ground of a museum in front of a framed painting of sunflowers covered in a sunstance. One of the protestors holds an open can of soup. There is text overlaid on the image that says: ARTnews: Just Stop Oil Protestors Who Hurled Tomato Soup at Van Gogh‚Äö√Ñ√¥s ‚Äö√Ñ√≤Sunflowers‚Äö√Ñ√¥ Sentenced to Prison.]",0.555728657,FALSE
,,lrc,https://www.instagram.com/p/DAI8FVwIKe1/,carousel,kirk_protest_london,kirk_protest_london.jpg,DAI8FVwIKe1_0.jpg;DAI8FVwIKe1_1.jpg;DAI8FVwIKe1_2.jpg;DAI8FVwIKe1_3.jpg;DAI8FVwIKe1_4.jpg;DAI8FVwIKe1_5.jpg;DAI8FVwIKe1_6.jpg;DAI8FVwIKe1_7.jpg;DAI8FVwIKe1_8.jpg;DAI8FVwIKe1_9.jpg;DAI8FVwIKe1_10.jpg;DAI8FVwIKe1_11.jpg;DAI8FVwIKe1_12.jpg;DAI8FVwIKe1_13.jpg,"Portrait of climate activists protesting outside of shell HQ and parliament Square in London demanding for pay up.

 marching from Shell's HQ into parliament with @waronwant and to demand Global North countries and corporations #PayUp for the climate damages they have caused.

#climatejustice #climatechange #climatestrike #climatecrisis #canonphotography #photojournalist #peoplepower #portraitphotography #democracynow  #protest #protestphotography #climateemergency #fossilfreelondon #fridayforfuture #extinctionrebellion #extinctionrebellionlondon #youthdemand #streetphotography

@eco_ty 
@fossilfreelondon
@mp_fossilfree",0.846403604,FALSE
,,,https://www.instagram.com/p/DCjEfx8IWo2/,image,nffnuk,nffnuk.jpg,DCjEfx8IWo2_0.jpg,"Today marks Food, Water & Agriculture Day at COP29.

Regenerative agriculture plays a crucial role in tackling climate change. The science is clear that nature-friendly farming practices can contribute significantly to both climate change mitigation and food security. 

As nature-friendly farmers, we're proud to be part of the solution.

Policymakers should include aid to help farmers make this transition - here in the UK and across the world. 

#COP29 #RegenerativeAgriculture #NFFN #ClimateAction",0.343147615,FALSE
,,lmp,https://www.instagram.com/p/DDt44EVMey-/,image,naamoduk,naamoduk.jpg,DDt44EVMey-_0.jpg,"On Monday, as MPs debated the legitimacy of exporting arms to Israel, Na‚Äôamodniks gathered outside Parliament to demand the UK Government end its complicity in Israeli war crimes.

Read the full transcript of the debate here: https://hansard.parliament.uk/Commons/2024-12-16/debates/492BAC22-4E2D-459E-8D41-DF13826FA7FE/IsraelAndPalestine",0.156644273,FALSE
disruptive - wifi,,src,https://www.instagram.com/p/DHjtUgnM-1j/,video,shut_the_system,shut_the_system.jpg,DHjtUgnM-1j_1.mp4,"NO WIFI FOR CLIMATE DENIERS
We've cut the cables to the office of infamous climate denying think tank Global Warming Policy Foundation
#shutthesystem #covertactivism #climatechage #climateaction #sabotage",0.484504415,FALSE
,,smc,https://www.instagram.com/p/DHstxw4tw7-/,image,_teachthefuture,_teachthefuture.jpg,DHstxw4tw7-_0.jpg,"üì¢ The Spring Statement is here ‚Äì but where‚Äôs the investment in climate education? üåçüìö

The government has set out its economic priorities, but once again, climate education has been left behind. While major cuts to education funding were avoided, there‚Äôs still no dedicated support to equip students with the knowledge and skills needed for a sustainable future.

Without proper investment, schools will struggle to prioritise sustainability, leaving young people unprepared to tackle the climate crisis. This needs to change.

Read our breakdown of the budget and why climate education must be a priority ‚Äì link in bio. üîó
#TeachTheFuture #ClimateEducation #ClimateCrisis #ClimateJustice #ClimateChange #SpringBudget",0.409420278,FALSE
nondisruptive,,smc,https://www.instagram.com/p/DIfz2Lco19-/,video,citizensarrestnet,citizensarrestnet.jpg,DIfz2Lco19-_0.mp4,"8 of UK‚Äö√Ñ√¥s top polluters placed under citizen‚Äö√Ñ√¥s arrest

We confronted 8 CEO‚Äö√Ñ√¥s and executives responsible for millions of times more pollution than the average citizen.

Police attended and said they would look into whether a crime of public nuisance had been committed, although no officers handcuffed the CEOs.

We have now handed evidence of their crimes to the Crown Prosecution Service and will pursue prosecution.

Follow @citizensarrestnet for updates on their cases.

#CitizensArrest #PublicNuisance #CEO #Pollution #Accountability #CitizensArrestNetwork",0.92949293,FALSE
,,lrc,https://www.instagram.com/p/DIIGYOWKoJD/,carousel,kirk_protest_london,kirk_protest_london.jpg,DIIGYOWKoJD_0.jpg;DIIGYOWKoJD_1.jpg;DIIGYOWKoJD_2.jpg;DIIGYOWKoJD_3.jpg;DIIGYOWKoJD_4.jpg;DIIGYOWKoJD_5.jpg,"The photo was taken on 27th march 2025. 

Climate activists @chrisgpackham2 & @scientistsxr  were outside of the Home Office - (Westminster London UK) 

A Quote From Extinction Rebellion

üö®UK FOOD STRATEGY IGNORES CLIMATE IMPACT 

DEFRA Food Strategy has met with leading figures across the food system to advise on its food strategy - no environmental groups were represented at all.

In a world where food shortages are already impacting the most vulnerable, climate impact is key to food strategy. 

That‚Äôs why Scientists for the Extinction Rebellion Page have joined together demanding‚Ä¶
PEOPLE AND PLANET OVER PROFIT 

Chris Packham says:
‚ÄúThis is a terrible start to a process that‚Äôs critically important to our future as a country. We need a radical overhaul of a broken food system that‚Äôs not helping farmers, making people ill and punishing our environment. 

‚ÄúIf massive factory farmers are being given a seat at the table and sustainability and health experts marginalised, this process could be holed below the waterline from the outset.‚Äù 

‚úäMore than 12,000 objections and a 43,000 signature petition were submitted in opposition to the UK government‚Äôs plan.

#DEFRA #FoodStrategy #FoodShortages #ClimateJustice #XRScientists #ChrisPackham #PeopleOverProfit #PlanetOverProfit #xrlondon #xrbrighton #extinctionrebellionlondon #extinctionrebellion #CutTheTies #climatejustice #climateemergency #climatechange #climatestrike",0.535386786,FALSE
,,,https://www.instagram.com/p/DIRTdg_NK6i/,video,aljazeeraenglish,aljazeeraenglish.jpg,DIRTdg_NK6i_1.mp4,Greenpeace activists in London have turned the US embassy‚Äôs pond blood red in protest of arms sales to Israel. #UK police arrested five people over the incident.‚Å†,0.92906597,TRUE
disruptive - hundreds,,src,https://www.instagram.com/p/DIv-5onNEjW/,video,just.stopoil,juststopoil.jpg,DIv-5onNEjW_1.mp4,"Ô£ø√º√Æ‚Ä¢ Hundreds of actions.
‚Äö√µ√¨√î‚àè√® 180 imprisonments.
Ô£ø√º√∂√Æ 0ver 3,000 arrests.

Ô£ø√º√µ¬¢√î‚àè√® 4.4 billion barrels of oil kept in the ground.
‚Äö√∫√ñ Demand for no new oil and gas licences won.

Ô£ø√º¬∂‚à´ Join us for One Last Action.
‚Äö√ª¬∞√î‚àè√® 26th April, 12pm, St James‚Äö√Ñ√¥ Park. Link in bio ‚Äö√Ñ√Æ @just.stopoil",0.905090335,FALSE
nondisruptive,,lmc,https://www.instagram.com/p/DIxyIZDPe8D/,carousel,carolinelucasbrighton,carolinelucasbrighton.jpg,DIxyIZDPe8D_0.jpg;DIxyIZDPe8D_1.jpg;DIxyIZDPe8D_2.jpg;DIxyIZDPe8D_3.jpg,"Congratulations to the @guardian for co-launching the #89percent project-
Reminding us yet again that the vast majority of the world‚Äö√Ñ√¥s people want #climateaction 

The #climate denial of the populist right is the minority.

The #media needs to reflect this and governments urgently need to show far greater #leadership .

#climatemajority #climatecrisis #climateactionnow #ecological #environmental #ecocide #noplanetbÔ£ø√º√•√© #wearethemajority #ourplanet #ourfuture #actnow",0.141433233,TRUE
nondisruptive,,lmc,https://www.instagram.com/p/DJcJkzLK37a/,image,chrisgpackham2,chrisgpackham2.jpg,DJcJkzLK37a_0.jpg,"100,000 signatures to ban fossil fuel ads and sponsorships ‚Äö√Ñ√Æ thank you to everyone who signed, now onwards to a debate!",0.299855531,TRUE
disruptive - jail,,src,https://www.instagram.com/p/DJFTvaOq26z/,video,defendourjuries,defendourjuries.jpg,DJFTvaOq26z_1.mp4,"Sentencing Solidarity - #FreePoliticalPrisoners

Many courageous people are being sentenced this month for taking action with @just.stopoil - many are potentially facing prison sentences.

Defend Our Juries wants to invite you to contrast this darkness by showing up outside the courts to remind everyone of the love, respect and gratitude we hold for these brave individuals.

Ô£ø√º√±¬∫√î‚àè√® In addition, we will also bring a new exhibition showcasing a Timeline of Corruption! 

To join the exhibition and the guard of honour for the defendants at their hearings, join us at the courts listed below:

Ô£ø√º√∂¬© London
‚Äö√Ñ¬¢ 9th and 15th May for M25 Gantries sentencing at Southwark Crown Court
‚Äö√Ñ¬¢ 16th May for the Heathrow 9 sentencing at Isleworth Crown Court

Ô£ø√º√∂¬©Manchester
‚Äö√Ñ¬¢ 23rd May for the Manchester 4 sentencing at Minshull Crown Court

Courtrooms open at 10am, with supporters gathering from around 9:30am - details to be confirmed asap.",0.884476217,FALSE
,,lmp,https://www.instagram.com/p/DJJ3hBgNZzJ/,carousel,minegedlondon,minegedlondon.jpg,DJJ3hBgNZzJ_0.jpg;DJJ3hBgNZzJ_1.jpg;DJJ3hBgNZzJ_2.jpg;DJJ3hBgNZzJ_3.jpg;DJJ3hBgNZzJ_4.jpg;DJJ3hBgNZzJ_5.jpg;DJJ3hBgNZzJ_6.jpg;DJJ3hBgNZzJ_7.jpg;DJJ3hBgNZzJ_8.jpg;DJJ3hBgNZzJ_9.jpg;DJJ3hBgNZzJ_10.jpg,"UK-based Israelis demand: Stop all UK arms sales and impose sanctions now!

On April 29th we rallied again outside the UK Foreign Office to call for an immediate end to Israel‚Äôs genocide in Gaza, the urgent entry of humanitarian aid, and a hostage deal. It‚Äôs well past the time for empty condemnations, we need real pressure on the Israeli government.",0.422569909,FALSE
disruptive - directaction,,src,https://www.instagram.com/p/DJo1AhHofnn/,video,just.stopoil,juststopoil.jpg,DJo1AhHofnn_0.mp4,"Ô£ø√º√≥¬£√î‚àè√® James Skeet speaks on Good Morning Britain 

Ô£ø√º¬∂‚à´ We have hung up the Hi Vis 

Ô£ø√º√Æ√Æ A nonviolent revolution is coming, bigger than ever. 

Ô£ø√º√≠‚àè Fund the next phase of civil resistance: Link in bio",0.596290337,FALSE
,,,https://www.instagram.com/p/DK1Y-tiNPVQ/,carousel,xrebellionuk,xrebellionuk.jpg,DK1Y-tiNPVQ_0.jpg;DK1Y-tiNPVQ_1.jpg;DK1Y-tiNPVQ_2.jpg;DK1Y-tiNPVQ_3.jpg;DK1Y-tiNPVQ_4.mp4;DK1Y-tiNPVQ_5.mp4,"VICTORY FOR WIMBORNE!

A dirty 260,000-tonne-a-year waste burner? REJECTED!

Residents, rebels & campaigners, including @xrwimborne & @xr_bcp, stood up to toxic industry and WON. 

The plans for this massive incinerator in Canford, Wimborne, have been refused by BCP Council, a facility that threatened Canford Heath SSSI, raised air traffic safety concerns with its 110m chimney, and would have pumped toxic plumes over homes, schools & nature.

But people power spoke louder. And councillors listened!

This is what resistance looks like.
This is the work.
This is a win. 
‚úä

#StopCanfordIncinerator #CanfordIncinerator #PeoplePower #ThisIsTheWork #XR #CleanAir #BCP #StopTheHarm #UniteToSurvive #ClimateJustice",0.366974094,FALSE
disruptive - wifi,,src,https://www.instagram.com/p/DKKk0MAs8I9/,video,shut_the_system,shut_the_system.jpg,DKKk0MAs8I9_1.mp4,"This and a good coffee...

Barclays are Europe's worst banking investor in fossil fuels. They have been targeted for years over their policies. It's time for them to divest. So on the day of their AGM we:
Superglued locks to their branches and ATMs across the country
Cut the WiFi cables at their Northampton HQ
Graffitied messages for the senior staff at their fancy homes

Step up Barclays or we'll be back.

#sabotage #directaction #climateaction #shutthesystem #barclays",0.913007844,FALSE
,,srp,https://www.instagram.com/p/DKPr9M-osh8/,image,resisttheban,resisttheban.jpg,DKPr9M-osh8_0.jpg,"What a pathetic headline from the Guardian.

Palestine Action targeted the registered address of Discovery Park Limited, owners of the business park in Kent which Elbit's weapons factory is situated in.

The arms factory produces targeting gear for the Israeli military to use during the current genocide in Gaza.

We treat all businesses which work with Israel's biggest weapons firm equally, whether they're ""Jewish-owned"" or not.

@guardian",0.195426352,FALSE
nondisruptive,,src,https://www.instagram.com/p/DKZ01Z0Mz3E/,video,itvnews,itvnews.jpg,DKZ01Z0Mz3E_0.mp4,Greenpeace France activists say they have ‚Äö√Ñ√≤borrowed‚Äö√Ñ√¥ the statue of Emmanuel Macron from the Gr‚àö¬©vin Museum and put it in front of the Russian embassy in protest of Russian imports. #itvnews #france,0.93610485,TRUE
,,lmp,https://www.instagram.com/p/DLnZzhNIMol/,video,palestinesolidarityuk,palestinesolidarityuk.jpg,DLnZzhNIMol_1.mp4,Thousands of people outside Parliament now to oppose the proscription of Palestine Action and defend the right to protest.,0.529643242,TRUE
,,lmp,https://www.instagram.com/p/DLu3x5zhD3V/,carousel,migrationfilms,migrationfilms.jpg,DLu3x5zhD3V_0.jpg;DLu3x5zhD3V_1.jpg;DLu3x5zhD3V_2.jpg,"Probably the most gangster photo I‚Äôve ever taken

1. Rabbi Beck and the @neturei.karta massive in an underpass in Chelmsford 
2. @chelmsfordaction4palestine march today 
3. @asawinstanley and I after speaking at today‚Äôs Essex Palestine protest in Chelmsford.

A great turnout. These protests are really important as it brings the message to a slightly aversive and even at times hostile environment. Good to see my bro @airbyart coming up from London 

Please follow @chelmsfordaction4palestine for information on what they do.

#protest #palestine #chelmsford #essex #natureikarta #freepalestine",0.194042338,FALSE
,,lrp,https://www.instagram.com/p/DMAjslGI5hS/,image,novaramedia,novaramedia.jpg,DMAjslGI5hS_0.jpg,"For the second week running, demonstrators were arrested for holding signs reading ‚ÄòI oppose genocide. I support Palestine Action‚Äô in Parliament Square today, with others expected to take part in later actions across the UK.

Expressing public support for Palestine Action is now a criminal offence under the Terrorism Act following the group‚Äôs proscription by home secretary Yvette Cooper. It is the first time anti-terror law, designed to ban groups like Al Qaida and Isis, has been used to designate a domestic, non-violent direct action group a terrorist organisation. 

The action, organised by Defend Our Juries, aims to challenge that proscription. Further such actions are set to take place in Bristol, Manchester and Cardiff. An independently organised demonstration is also being held in Derry, and one man took ‚Äòsolo action‚Äô by posing with a sign in the market town of Kendal in Cumbria. 

Bill, a 76-year-old university lecturer, told Novara Media he was participating in the London action because he disagreed ‚Äúwith this government‚Äôs definition of a terrorist‚Äù. ‚ÄúI might as well call you a red bell pepper, and now you have all the legal rights of a red bell pepper,‚Äù he said. Asked how he felt about the prospect of a charge under the terrorism act, he replied, ‚Äúit‚Äôs all an adventure.‚Äù

In a letter to the Home Secretary, the groups said ‚Äú We will not be deterred from opposing genocide, nor from defending those who refuse to be bystanders. The British public is against you and your genocide. They are against the corruption of democracy and the rule of law by the Israeli government, Elbit Systems, and the arms industry.‚Äù

Ahead of the action, Defend our Juries wrote to Metropolitan Police Commissioner Sir Mark Rowley alerting him to the action. Last week, 29 people were arrested, held for 12 hours then released without charge. Among them were an 83-year-old priest and a human rights lawyer.

In the letter, the group urged Rowley not to enforce the law around Palestine Action‚Äôs proscription, accusing the commissioner of ‚Äò acting here as the private security for the partners to a genocide, the ultimate crime‚Äô.

The Met police were contacted for comment.",0.216077098,TRUE
,,smp,https://www.instagram.com/p/DMqFRWoo7tx/,video,goldsmithsforpalestine,goldsmithsforpalestine.jpg,DMqFRWoo7tx_0.mp4,"üö®BREAKINGüö®

An autonomous grouping of disenfranchised students, have today entered into occupation inside the building of Guild of Students, UoB for the duration of the NUS Lead and Change conference.¬†

The NUS‚Äô have long failed to represent student interests and has not been a genuinely progressive force for decades, as evidenced by the revolving door from the Presidency of NUS into the Labour Party, with many former presidents now responsible not just for the continuation of austerity, but also for the Government inaction to properly respond to the Genocide in Gaza.¬†

Our occupation will last for the duration of the Lead and Change conference. They instead, will hold the Birmingham Student Assembly, an alternative programme of events will run inside the occupation for students and activists to engage in politics free from the confines of NUS‚Äô suppression.¬†

They invite in all Sabbatical officers, encampment groups, students, graduates and educators who stand fundamentally opposed to Genocide, who have been marginalised by NUS‚Äô political abdication in the face of Genocide. And join us in trying to fundamentally change the role of Student‚Äôs Unions and realise our collective political will. 

Free Palestine üáµüá∏",0.561757616,FALSE
,,lmp,https://www.instagram.com/p/DMSa5CHoMCf/,video,palestinesolidarityuk,palestinesolidarityuk.jpg,DMSa5CHoMCf_1.mp4,In our thousands in our millions we are all Palestinian. The rain won't stop us. The government won't stop us. Free Palestine. LONDON,0.611684,TRUE
,,lmp,https://www.instagram.com/p/DMsVHGqoK8j/,video,palestinesolidarityuk,palestinesolidarityuk.jpg,DMsVHGqoK8j_1.mp4,"Actor Alex Lawther explains why he has joined the emergency protest today to demand the government take urgent action to stop Israel‚Äôs starvation of Gaza. üáµüá∏

#StopStarvingGaza #EndTheGenocide",0.456033874,TRUE
,,lrc,https://www.instagram.com/reel/B8381UcnyMa/,video,xrwsm,xrwsm.jpg,B8381UcnyMa_1.mp4,"Today we march because #enoughisenough

Join us! Find your local group here https://rebellion.earth/act-now/local-groups/

#ClimateEmergency 
#ActNow 
#Together2020 
#extinctionrebellion",0.151346459,FALSE
,,src,https://www.instagram.com/reel/C-IcpNTNtpC/,video,just.stopoil,juststopoil.jpg,C-IcpNTNtpC_1.mp4,"üß° Listen to some of today‚Äôs action takers talking about their reasons for blocking the departure gates at Heathrow Airport terminal 5 this morning.

üí∏ All donations are doubled until Monday ‚Äî https://chuffed.org/project/just-stop-oil-in-action",0.500819884,FALSE
,,src,https://www.instagram.com/reel/C0UKnf4toHX/,video,screenshothq,screenshothq.jpg,C0UKnf4toHX_1.mp4,"Police have broken up a ‚Äúwide awake‚Äù demonstration by Just Stop Oil protesters outside the Prime Minister‚Äôs London home calling for a halt on fossil fuel exploration in the UK.

Louise Harris performed ‚ÄúWe Tried‚Äù for 18 climate activists outside the Prime Minister‚Äôs house in Kensington, and the single has now hit Number 1 in the iTunes singles chart, and it‚Äôs climbing in the Top 40 Global Charts.

The protest group said that they made themselves heard by beating pots and pans while carrying placards stating: ‚ÄúCOP Failure=Crop Failure‚Äù, ‚ÄúNo rest for the Wicked‚Äù and ‚ÄúArrest the Real Criminals‚Äù.

#juststopoil #climateactivist #protest #rishisunak #climatechange",0.85661091,FALSE
,,lrc,https://www.instagram.com/reel/CEosdFYHlhJ/,video,xrwsm,xrwsm.jpg,CEosdFYHlhJ_1.mp4,"Drown in at the #senedd this afternoon. 

#risingtide
#sealevelsrising
#ClimateEmergency
#wewanttolive
#parlimentsquare
#welshparliment
#ExtinctionRebellion https://t.co/4c9oGnnYbE",0.495653719,FALSE
,,src,https://www.instagram.com/reel/CU-KV5IoNCW/,video,conservativesupporter,conservativesupporter.jpg,CU-KV5IoNCW_1.mp4,The people have had enough of Insulate Britain! üëèüèªüëèüèªüëèüèª #Heroes,0.846652449,FALSE
,,src,https://www.instagram.com/reel/CVz0nEzNeTH/,video,beyond_politics_party,beyond_politics_party.jpg,CVz0nEzNeTH_0.mp4,"Posted @withregram ‚Ä¢ @animal_rebellion 

COP26 COLLIDES WITH A PLANT-BASED FOOD SYSTEM ON WORLD VEGAN DAY

Last week we took our message straight to the government to demand a plant-based future. Now it's time to take to the streets at COP26. 

Today marks the first day of COP26 where world leaders will come together to make decisions that affect us all. We know that we can't rely on the government to choose our planet and all life over profit. If we are to see the changes we need to face the climate and ecological emergency, we need to take action. 

We will be joining other groups at the Glasgow Climate March on 6 November as global leaders meet for COP. You can find out more by checking out VIVAs Facebook event: https://facebook.com/events/s/viva-at-glasgow-climate-march/2935254843455545/

Video By @dillon.p_photography & @rikesger 

#Cop26 #PlantBasedFoodSystem #PlantBasedFuture #EnoughCopOuts",0.894955736,FALSE
,,lmp,https://www.instagram.com/reel/CyYY4OnI-RH/,video,palestineonaplate,palestineonaplate.jpg,CyYY4OnI-RH_0.mp4,"FREE FREE PALESTINE üáµüá∏! 

London pro Palestine demonstration.",0.050685293,TRUE
,,lmp,https://www.instagram.com/reel/CzeKrxFRM0C/,video,hiddenpalestine,hiddenpalestine.jpg,CzeKrxFRM0C_1.mp4,A Jewish-Israeli protestor in London explains his support for Palestine and traces back the roots of the ethnic cleansing taking place to the 1948 Nakba,0.273454538,TRUE
,,lmp,https://www.instagram.com/reel/Czgzcj4IaFN/,video,palestinesolidarityuk,palestinesolidarityuk.jpg,Czgzcj4IaFN_0.mp4,1 million people joined our march for Palestine! We just made history. In our thousands and in our MILLIONS! üáµüá∏üëè,0.313754006,TRUE
,,src,https://www.instagram.com/reel/DB1f6JTMZ_l/,video,itvnews,itvnews.jpg,DB1f6JTMZ_l_0.mp4,Just Stop Oil poured salt over a statue of Mahatma Gandhi in London‚Äôs Parliament Square. The group said the action was in protest over the imprisonment of supporters of Just Stop Oil. #itvnews #juststopoil,0.936192843,TRUE
,,srp,https://www.instagram.com/reel/DEzvDYitMa7/,video,resisttheban,resisttheban.jpg,DEzvDYitMa7_1.mp4,"BREAKING: Palestine Action target the new London address of an Elbit director's weapons consultancy firm. 

Eagle Strategic is owned by Richard Applegate, the former chairman and current 'Head of Strategy & New Business' for the British division of Israel's biggest arms firm.",0.379441175,FALSE
,,src,https://www.instagram.com/reel/DHbHwRgshfa/,video,metpolice_uk,metpolice_uk.jpg,DHbHwRgshfa_0.mp4,"Nine Just Stop Oil (JSO) protestors have been convicted after Met officers proactively intervened to prevent their plan to glue themselves onto Heathrow‚Äôs runways.

üé• l Watch officers foil JSO's attempts to access the runway in July 2024.

There is a clear line between peaceful protest and the criminal activity that this group sought to carry out.",0.097699235,TRUE
,,smc,https://www.instagram.com/reel/DJEgjkgooSK/,video,bristol247,bristol247.jpg,DJEgjkgooSK_0.mp4,"Bristol Climate Choir are singing at the Cascade Steps today, drawing links between the unseasonably warm temperatures for April and continued fossil fuel extraction. #bristol #bristol247",0.823001237,FALSE
,,smc,https://www.instagram.com/reel/DKMcRT4I_qQ/,video,climatechoirs,climatechoirs.jpg,DKMcRT4I_qQ_1.mp4,"Lovely footage of the Climate Choirs at Riversong at Ross on 24 May 2025, working with Save the Wye to bring attention to the terrible ongoing pollution of the River Wye 

#climatechoirs #savethewye #riveractionuk¬†#endsewagepollution
#avara #cargill #chicken #factoryfarming #riverpollution #wye",0.053415341,FALSE
,,src,https://www.instagram.com/reel/DKO0_5jBslE/,video,just.stopoil,juststopoil.jpg,DKO0_5jBslE_0.mp4,"üßØ Last summer, we took action at Stonehenge. We may have hung up our hi vis, but something big is coming.

üî• Nothing short of a political and economic revolution will get us out of the mess we're in.

üí∏ Help build the revolution. Donate via the link in our bio ‚Äî @just.stopoil",0.683946,FALSE
,,lrp,https://www.instagram.com/reel/DL0pKLSsdAG/,video,bbcnews,bbcnews.jpg,DL0pKLSsdAG_0.mp4,"Palestine Action has been banned in the UK.
¬†
The group describes itself as ‚Äúa pro-Palestinian organisation which disrupts the arms industry in the United Kingdom with direct action‚Äù.
¬†
But the UK government says supporting Palestine Action is now a criminal offence, with membership or expressing support for the group punishable by up to 14 years in prison.
¬†
It‚Äôs co-founder said she would ‚Äúnot stop fighting... to stand up for the rights of the Palestinian people‚Äù.
¬†
Comments are off on this post due to ongoing legal proceedings.
¬†
Tap the link in @BBCNews‚Äôs bio to read more.
¬†
#BBCNews",0.199086726,TRUE
,,lrc,https://www.instagram.com/reel/DM7zx-YIZaY/,video,gen.1.5,gen15.jpg,DM7zx-YIZaY_0.mp4,"This speech from our picnic on Sunday gives an overview of how the climate crisis disproportionately affects women, perpetuating gender inequality. If you want to do something about this, join us at generation 1.5, through this form: https://forms.gle/Dw67ERbLDh9cFV8j6, or email us at generation1.5degreesC@protonmail.com",0.120235797,FALSE
,,lrc,https://www.instagram.com/reel/DMU7cVnoTlH/,video,cnbctv18india,cnbctv18india.jpg,DMU7cVnoTlH_0.mp4,"Police across UK have arrested more than 100 demonstrators calling for a reversal of a ban on campaign group Palestine Action. Protests took place across London, Manchester, Edinburgh, Bristol and Truro ahead of a court hearing on Monday in which Palestine Action group is set to demand for the green light to challenge the Home Secretary's decision to ban the group under anti-terror laws
.
.
.
.
.
.
#PalestineAction #Palestine #UK #UKProtests #Protests #London #CNBCTV18Digital",0.396298174,FALSE
,,lmp,https://www.instagram.com/reel/DMzogvgNpXs/,video,minegedlondon,minegedlondon.jpg,DMzogvgNpXs_1.mp4,"‚Å®	‚Å®	‚Å®	◊†◊ò◊¢, ◊§◊¢◊ô◊ú◊î ◊ë‚Äù◊û◊†◊í◊ì‚Äù, ◊û◊ì◊ë◊®◊™ ◊¢◊ú ◊î◊°◊ô◊ë◊ï◊™ ◊©◊î◊ë◊ô◊ê◊ï ◊ê◊ï◊™◊î ◊ú◊î◊í◊ô◊¢ ◊ú◊î◊§◊í◊†◊î ◊©◊ú◊†◊ï ◊û◊ï◊ú ◊û◊©◊®◊ì ◊î◊ó◊ï◊• ◊ë◊ú◊ï◊†◊ì◊ï◊ü ◊ë28 ◊ë◊ô◊ï◊ú◊ô. ◊î◊î◊§◊í◊†◊î ◊ê◊ï◊®◊í◊†◊î ◊ë◊©◊ô◊™◊ï◊£ ◊¢◊ù ‚Äú◊†◊¢◊û◊ï◊ì‚Äù ◊ë◊ì◊®◊ô◊©◊î ◊ú◊î◊ò◊ô◊ú ◊û◊ô◊ô◊ì◊ô◊™ ◊°◊†◊ß◊¶◊ô◊ï◊™ ◊¢◊ú ◊ô◊©◊®◊ê◊ú

mi-neged organiser Neta speaks about why she came to our 28 July Foreign Office protest in London, co-organised with ‚Ä™‚Ä™‚Ä™@naamoduk‚Ä¨‚Ä¨‚Ä¨, demanding SANCTIONS NOW on Israel.

Video‚Ä™ @gil_mualem_doron‚Ä¨.",0.576240629,FALSE
,,srp,https://www.ireland-live.ie/news/uk/1444624/pro-palestine-activist-defaces-portrait-of-politician-who-paved-way-for-israel.html,video,irelandlivenews,irelandlivenews.jpg,pal_painting01.mp4,"Pro-Palestine activist defaces portrait of politician who paved way for Israel

A pro-Palestinian activist has slashed and sprayed paint on a picture of the British politician who cleared the way for the foundation of modern Israel.
Footage shared on X showed a woman defacing the 1914 painting of Lord Arthur Balfour at Trinity College at the University of Cambridge on Friday.

Lord Balfour was behind the Balfour Declaration ‚Äì a 1917 document which pledged the formation of a ‚Äúnational home for the Jewish people‚Äù in Palestine.",0.081663166,FALSE
,,srp,https://www.reuters.com/world/uk/pro-palestine-activists-target-uk-offices-germanys-allianz-2024-10-08/,image,reuters,reuters.jpg,reuters_palallianz01.jpg,"Pro-Palestinian activists target UK offices of Germany's Allianz

Pro-Palestinian activists targeted the British offices of German financial services firm Allianz, on Tuesday, daubing the outside with red paint in protest over the company's links to Israeli defence firm Elbit Systems.
Palestine Action claimed responsibility, opens new tab for the protest on social media platform X, and said demonstrators had attacked 10 Allianz offices in the UK and ""occupied"" the insurer's UK headquarters in Guildford, south of London, overnight.",0.130937308,TRUE
,,lrc,https://www.thesun.co.uk/news/8943587/new-banksy-graffiti-protests-extinction-rebellion/,video,thesun,thesun.jpg,sun_banksy01.mp4,New ‚ÄòBanksy‚Äô graffiti supporting eco-warrior activists pops up at Marble Arch as 10-day protests finally end,0.295931527,TRUE
,,srp,https://www.youtube.com/watch?v=GG63z2tHdok,video,thelondonstandard,thelondonstandard.jpg,standard_barclays01.mp4,Barclays bank branches across London vandalised by pro-Palestinian protesters,0.689646015,TRUE
,,src,https://www.youtube.com/watch?v=P7EeDoq5vuY,video,thesun,thesun.jpg,sun_jsopush01.mp4,Angry scenes on London Bridge as motorists PUSH Just Stop Oil Protesters blocking traffic,0.353956552,TRUE
,,src,https://www.youtube.com/watch?v=RabbVxGOkgE,video,dailymirror,dailymirror.jpg,mirror_jso01.mp4,Furious public clash with Just Stop Oil protesters blocking east London road,0.507504879,TRUE
,,lmp,https://x.com/Bob_cart124/status/1766630845782130897,image,bob_cart124,bob_cart124.jpg,bob_cart01.jpeg,"Apparently, London has become a no-go zone for British Jews. LOL!

Someone must have forgotten to tell this Orthodox Rabbi... He's attended all major rallies for Gaza since Oct.

There has always been a strong Jewish presence, both secular and religious, at London's Palestine solidarity marches. ",0.576984242,FALSE
,,lrp,https://x.com/DefendourJuries/status/1946143958301639129,image,defendourjuries,def_juries.jpg,defendjuries_palact01.jpeg,"PROTESTS OVER PALESTINE ACTION BAN TO CONTINUE DESPITE POLICE RAIDS

Despite extreme repression, shocking to the conscience of democracy, protests will resume on Saturday, including in Parliament Square, Bristol, Edinburgh, Manchester and Truro. ",0.846534038,TRUE
,,src,https://x.com/InsulateLove/status/1453996698968207368,image,insulatebritain,insulate.jpg,insulate_m25.jpeg,"14 ordinary people from Insulate Britain have caused major disruption on the M25, walking onto the carriageway between the lanes of oncoming traffic.

We demand 
@10DowningStreet
 gets on with the job to #InsulateBritain starting with the homes of the poorest people in the country.",0.95246837,TRUE
,,src,https://x.com/InsulateLove/status/1455463248778649601,image,insulatebritain,insulate.jpg,insulate_3cities.jpeg,"BREAKING: INSULATE BRITAIN DEFIES MULTIPLE INJUNCTIONS IN 3 MAJOR CITIES 

ü¶∫60 people from #InsulateBritain are disrupting traffic in #London, #Birmingham and #Manchester as our campaign of nonviolent civil resistance continues.",0.246424171,TRUE
,,lmp,https://x.com/PSCupdates/status/1715715970168230272,video,palestinesolidarityuk,psc.jpg,psc_downing01.mp4,"We have arrived at Downing Street! People are still joining the march at Marble Arch! üáµüá∏ 

#FreePalestine #CeasefireNOW",0.912022781,TRUE
,,lmp,https://x.com/PSCupdates/status/1718233307589104075,image,palestinesolidarityuk,psc.jpg,psc_rally01.jpeg,"And we‚Äôre off! You can still join the march from Victoria Embankment üáµüá∏ 

#CeasefireNOW",0.581097752,TRUE
,,lmp,https://x.com/PSCupdates/status/1723322194275537267,video,palestinesolidarityuk,psc.jpg,psc_hyde01.mp4,"Huge crowd at Hyde park corner üáµüá∏

#CeasefireNOW",0.417241807,TRUE
,,lmp,https://x.com/PSCupdates/status/1728392747827052947,video,palestinesolidarityuk,psc.jpg,psc_crowd01.mp4,"Massive crowds gathered already to march for Palestine in London üáµüá∏

#FreePalestine 
#CeasefireNOW",0.81035912,TRUE
,,lmp,https://x.com/PSCupdates/status/1733488066763927699,video,palestinesolidarityuk,psc.jpg,psc_huge01.mp4,"It's our 6th national March for Palestine and still we come out in huge numbers to demand a permanent ceasefire now!
London stands with #Gaza",0.04541926,TRUE
,,lmp,https://x.com/PSCupdates/status/1746268721167978914,video,palestinesolidarityuk,psc.jpg,psc_main01.mp4,"Today over half a million took to the streets of London to stand with Palestine and demand a full #CeasefireNOW üáµüá∏

#GazaGlobalAction",0.851100458,TRUE
,,lrp,https://x.com/thenowherephoto/status/1944100072486027647,video,"The Nowhere Photographer
@thenowherephoto",nowhere_photo.jpg,nowhere_palarrest01.mp4,"Approximately 10 arrested in a Palestine action protest in central Manchester today 

Loads more footage also 

#PalestineAction #propalestinemanchester #arrest 
@MahyarTousi
 
@GBNEWS",0.037785777,FALSE
,,,https://www.instagram.com/reel/DM2OY7MNKAs/,video,greenpeaceuk,greenpeaceuk.jpg,DM2OY7MNKAs_0.mp4,"üìçWestminster Station has had a rebrand in Gaza protest!

Wanted posters and stickers of Prime Minister @keirstarmer and Foreign Secretary @david.lammy are all over the station, and tube carriages because they‚Äôre fuelling the genocide in Gaza. 

The UK government must stop being complicit in the genocide and starvation - they MUST stop selling weapons to Israel NOW. Tell them to act - link in bio @greenpeaceuk

#StopSellingArmsToIsrael 
#ArmsEmbargoNow 
#GazaGenocide",,TRUE
,,,https://www.instagram.com/reel/DJvfEA2zEpi/,video,almost.co,almostco.jpg,DJvfEA2zEpi_0.mp4,"A pro-Palestine protester has spray painted and slashed a historic painting of Lord Balfour in Trinity College at the University of Cambridge in the UK.

In the video, which has since gone viral, a woman can be seen spraying red paint on the painting before using a sharp object to slash open the canvas of the Lord Balford painting.

Lord Arthur James Balfour was the former prime minister of the United Kingdom from 1902 to 1905.

In 1917, while serving as the foreign minister, he wrote the Balfour Declaration, which is a letter endorsing establishing a Jewish homeland in Palestine.

The declaration, which endorsed establishing a ‚Äúnational home for the Jewish people‚Äù in Palestine, not only increased popular support for Zionism
around the world, but helped pave the way for the eventual creation of Israel.

Palestine Action, a British protest network that aims to dismantle the UK‚Äôs complicity in Israel‚Äôs apartheid against Palestinians.

The group said the Balfour Declaration ‚Äúpaved the way for ethnic cleansing‚Äù of people in Palestine.

‚ÄúHe gave away the Palestinians homeland ‚Äî a land that wasn‚Äôt his to give away,‚Äù it said in a press release.

Pointing to the ongoing war in Gaza, the group said Britain‚Äôs support ‚Äúfor the continued colonization of Palestine hasn‚Äôt wavered since 1917‚Äù.

It pointed out that Elbit Systems, Israel‚Äôs biggest weapons manufacturer uses Britain as a manufacturing outpost to build arms which are ‚Äúbattle-tested‚Äù on Palestinians.

The group said that it will continue to protest until Elbit is shut down and British complicity with the colonization of Palestine ends. (üìπ:
@pal_action , üìù: @cherryfahmyyyy)
-
#rafah #gaza #gazastrip #palestine #palestinian #israel #israeli #freepalestine #war #UK #activist #activism #protest #painting #balfour #lord #history #art #vandalism #geopolitics #politics #civilians #genocide #warcrime #ceasefire #peace #england #british #cambridge #trinitycollege",,FALSE
,,,https://www.instagram.com/reel/DNDjNdYtt5K/,video,kilkennypalestinesolidarity,kilkennypalestinesolidarity.jpg,DNDjNdYtt5K_0.mp4,"Why we Boycott.....

Let‚Äôs talk about why boycotting certain companies is so important to support Palestine.¬†

I get it - it‚Äôs ‚Äòjust a coffee or a burger‚Äô. But it‚Äôs not just that. It‚Äôs about where our money goes and what it supports.¬†

Some of the biggest global brands have deep financial ties to Israel, through investments, partnerships or operations in illegal settlements.¬†

That means part of what you spend on a Frappuccino or a Big Mac could be helping fund the occupation of Palestine.¬†

Palestinians have asked us to boycott. It‚Äôs not about hate - it‚Äôs about non violent resistance. It‚Äôs how we, as ordinary people, can show solidarity when governments stay silent.¬†

And boycotts work. It helped end apartheid in South Africa. It pressures companies to change, to take a side, or loose the support of an entire generation.¬†

So yeah, maybe skipping that brand seems small. But when millions of us do it together? That‚Äôs power.¬†

Every purchase is a choice.¬†

Every euro is a vote.¬†

Use yours to stand for justice.¬†

Stand with Palestine üáµüá∏",,FALSE